entity,title,description,image,link
경험 마케팅,"브랜드는 가리고, 경험은 키우고!",왓츠뉴037_ 3월 둘째 주 새로 나온 것들,http://t1.daumcdn.net/brunch/service/user/aNn/image/crMVU3RRxvGOOgT21J_pp9egg44.png,https://brunch.co.kr/@hardw1996/60
브랜드 경험,"브랜드는 가리고, 경험은 키우고!",왓츠뉴037_ 3월 둘째 주 새로 나온 것들,http://t1.daumcdn.net/brunch/service/user/aNn/image/crMVU3RRxvGOOgT21J_pp9egg44.png,https://brunch.co.kr/@hardw1996/60
친환경,"브랜드는 가리고, 경험은 키우고!",왓츠뉴037_ 3월 둘째 주 새로 나온 것들,http://t1.daumcdn.net/brunch/service/user/aNn/image/crMVU3RRxvGOOgT21J_pp9egg44.png,https://brunch.co.kr/@hardw1996/60
플랜테리어,"브랜드는 가리고, 경험은 키우고!",왓츠뉴037_ 3월 둘째 주 새로 나온 것들,http://t1.daumcdn.net/brunch/service/user/aNn/image/crMVU3RRxvGOOgT21J_pp9egg44.png,https://brunch.co.kr/@hardw1996/60
제로웨이스트 페스티벌,"브랜드는 가리고, 경험은 키우고!",왓츠뉴037_ 3월 둘째 주 새로 나온 것들,http://t1.daumcdn.net/brunch/service/user/aNn/image/crMVU3RRxvGOOgT21J_pp9egg44.png,https://brunch.co.kr/@hardw1996/60
일상비일상의 틈,"브랜드는 가리고, 경험은 키우고!",왓츠뉴037_ 3월 둘째 주 새로 나온 것들,http://t1.daumcdn.net/brunch/service/user/aNn/image/crMVU3RRxvGOOgT21J_pp9egg44.png,https://brunch.co.kr/@hardw1996/60
PB 브랜드,와인 마시러 편의점 갈까?,왓츠뉴037_ 3월 둘째 주 새로 나온 것들,http://t1.daumcdn.net/brunch/service/user/aNn/image/crMVU3RRxvGOOgT21J_pp9egg44.png,https://brunch.co.kr/@hardw1996/60
슬세권,와인 마시러 편의점 갈까?,왓츠뉴037_ 3월 둘째 주 새로 나온 것들,http://t1.daumcdn.net/brunch/service/user/aNn/image/crMVU3RRxvGOOgT21J_pp9egg44.png,https://brunch.co.kr/@hardw1996/60
편의점,와인 마시러 편의점 갈까?,왓츠뉴037_ 3월 둘째 주 새로 나온 것들,http://t1.daumcdn.net/brunch/service/user/aNn/image/crMVU3RRxvGOOgT21J_pp9egg44.png,https://brunch.co.kr/@hardw1996/60
와인,와인 마시러 편의점 갈까?,왓츠뉴037_ 3월 둘째 주 새로 나온 것들,http://t1.daumcdn.net/brunch/service/user/aNn/image/crMVU3RRxvGOOgT21J_pp9egg44.png,https://brunch.co.kr/@hardw1996/60
혼술,와인 마시러 편의점 갈까?,왓츠뉴037_ 3월 둘째 주 새로 나온 것들,http://t1.daumcdn.net/brunch/service/user/aNn/image/crMVU3RRxvGOOgT21J_pp9egg44.png,https://brunch.co.kr/@hardw1996/60
스니커즈 리셀,"더현대 서울, 사랑받는 공간의 비법?",왓츠뉴037_ 3월 둘째 주 새로 나온 것들,http://t1.daumcdn.net/brunch/service/user/aNn/image/crMVU3RRxvGOOgT21J_pp9egg44.png,https://brunch.co.kr/@hardw1996/60
BGZT랩,"더현대 서울, 사랑받는 공간의 비법?",왓츠뉴037_ 3월 둘째 주 새로 나온 것들,http://t1.daumcdn.net/brunch/service/user/aNn/image/crMVU3RRxvGOOgT21J_pp9egg44.png,https://brunch.co.kr/@hardw1996/60
언커먼스토어,"더현대 서울, 사랑받는 공간의 비법?",왓츠뉴037_ 3월 둘째 주 새로 나온 것들,http://t1.daumcdn.net/brunch/service/user/aNn/image/crMVU3RRxvGOOgT21J_pp9egg44.png,https://brunch.co.kr/@hardw1996/60
랜드마크,"더현대 서울, 사랑받는 공간의 비법?",왓츠뉴037_ 3월 둘째 주 새로 나온 것들,http://t1.daumcdn.net/brunch/service/user/aNn/image/crMVU3RRxvGOOgT21J_pp9egg44.png,https://brunch.co.kr/@hardw1996/60
대형 복합몰,"더현대 서울, 사랑받는 공간의 비법?",왓츠뉴037_ 3월 둘째 주 새로 나온 것들,http://t1.daumcdn.net/brunch/service/user/aNn/image/crMVU3RRxvGOOgT21J_pp9egg44.png,https://brunch.co.kr/@hardw1996/60
쇼핑의 과학,"더현대 서울, 사랑받는 공간의 비법?",왓츠뉴037_ 3월 둘째 주 새로 나온 것들,http://t1.daumcdn.net/brunch/service/user/aNn/image/crMVU3RRxvGOOgT21J_pp9egg44.png,https://brunch.co.kr/@hardw1996/60
더현대 서울,"더현대 서울, 사랑받는 공간의 비법?",왓츠뉴037_ 3월 둘째 주 새로 나온 것들,http://t1.daumcdn.net/brunch/service/user/aNn/image/crMVU3RRxvGOOgT21J_pp9egg44.png,https://brunch.co.kr/@hardw1996/60
백화점,"더현대 서울, 사랑받는 공간의 비법?",왓츠뉴037_ 3월 둘째 주 새로 나온 것들,http://t1.daumcdn.net/brunch/service/user/aNn/image/crMVU3RRxvGOOgT21J_pp9egg44.png,https://brunch.co.kr/@hardw1996/60
멀티 소비,뜨거운 감자가 된 클럽하우스,왓츠뉴 036_ 클럽하우스 집중탐구,http://t1.daumcdn.net/brunch/service/user/aNn/image/CUpC21ZxvKpIxOmFmnYv72f9_Rg.png,https://brunch.co.kr/@hardw1996/59
초대장,뜨거운 감자가 된 클럽하우스,왓츠뉴 036_ 클럽하우스 집중탐구,http://t1.daumcdn.net/brunch/service/user/aNn/image/CUpC21ZxvKpIxOmFmnYv72f9_Rg.png,https://brunch.co.kr/@hardw1996/59
음성 기반,뜨거운 감자가 된 클럽하우스,왓츠뉴 036_ 클럽하우스 집중탐구,http://t1.daumcdn.net/brunch/service/user/aNn/image/CUpC21ZxvKpIxOmFmnYv72f9_Rg.png,https://brunch.co.kr/@hardw1996/59
소셜미디어,뜨거운 감자가 된 클럽하우스,왓츠뉴 036_ 클럽하우스 집중탐구,http://t1.daumcdn.net/brunch/service/user/aNn/image/CUpC21ZxvKpIxOmFmnYv72f9_Rg.png,https://brunch.co.kr/@hardw1996/59
넥슨 콜라보,카트라이더는 콜라보 맛집?,왓츠뉴 035_ 2월 첫째 주 새로 나온 것들,http://t1.daumcdn.net/brunch/service/user/aNn/image/Q5Zbc6tB22RrbfYKDoUkP30GFnA.png,https://brunch.co.kr/@hardw1996/58
카트라이더 러쉬플러스,카트라이더는 콜라보 맛집?,왓츠뉴 035_ 2월 첫째 주 새로 나온 것들,http://t1.daumcdn.net/brunch/service/user/aNn/image/Q5Zbc6tB22RrbfYKDoUkP30GFnA.png,https://brunch.co.kr/@hardw1996/58
카트라이더 콜라보,카트라이더는 콜라보 맛집?,왓츠뉴 035_ 2월 첫째 주 새로 나온 것들,http://t1.daumcdn.net/brunch/service/user/aNn/image/Q5Zbc6tB22RrbfYKDoUkP30GFnA.png,https://brunch.co.kr/@hardw1996/58
게임 마케팅,카트라이더는 콜라보 맛집?,왓츠뉴 035_ 2월 첫째 주 새로 나온 것들,http://t1.daumcdn.net/brunch/service/user/aNn/image/Q5Zbc6tB22RrbfYKDoUkP30GFnA.png,https://brunch.co.kr/@hardw1996/58
윈윈 전략,카트라이더는 콜라보 맛집?,왓츠뉴 035_ 2월 첫째 주 새로 나온 것들,http://t1.daumcdn.net/brunch/service/user/aNn/image/Q5Zbc6tB22RrbfYKDoUkP30GFnA.png,https://brunch.co.kr/@hardw1996/58
콜라보,카트라이더는 콜라보 맛집?,왓츠뉴 035_ 2월 첫째 주 새로 나온 것들,http://t1.daumcdn.net/brunch/service/user/aNn/image/Q5Zbc6tB22RrbfYKDoUkP30GFnA.png,https://brunch.co.kr/@hardw1996/58
제휴 마케팅,카트라이더는 콜라보 맛집?,왓츠뉴 035_ 2월 첫째 주 새로 나온 것들,http://t1.daumcdn.net/brunch/service/user/aNn/image/Q5Zbc6tB22RrbfYKDoUkP30GFnA.png,https://brunch.co.kr/@hardw1996/58
라스트마일,가구도 배송 속도 경쟁,왓츠뉴 035_ 2월 첫째 주 새로 나온 것들,http://t1.daumcdn.net/brunch/service/user/aNn/image/Q5Zbc6tB22RrbfYKDoUkP30GFnA.png,https://brunch.co.kr/@hardw1996/58
익일 배송,가구도 배송 속도 경쟁,왓츠뉴 035_ 2월 첫째 주 새로 나온 것들,http://t1.daumcdn.net/brunch/service/user/aNn/image/Q5Zbc6tB22RrbfYKDoUkP30GFnA.png,https://brunch.co.kr/@hardw1996/58
배송,가구도 배송 속도 경쟁,왓츠뉴 035_ 2월 첫째 주 새로 나온 것들,http://t1.daumcdn.net/brunch/service/user/aNn/image/Q5Zbc6tB22RrbfYKDoUkP30GFnA.png,https://brunch.co.kr/@hardw1996/58
공정거래법,스포티파이 드디어 국내 론칭!,왓츠뉴 035_ 2월 첫째 주 새로 나온 것들,http://t1.daumcdn.net/brunch/service/user/aNn/image/Q5Zbc6tB22RrbfYKDoUkP30GFnA.png,https://brunch.co.kr/@hardw1996/58
음원 플랫폼,스포티파이 드디어 국내 론칭!,왓츠뉴 035_ 2월 첫째 주 새로 나온 것들,http://t1.daumcdn.net/brunch/service/user/aNn/image/Q5Zbc6tB22RrbfYKDoUkP30GFnA.png,https://brunch.co.kr/@hardw1996/58
큐레이션,스포티파이 드디어 국내 론칭!,왓츠뉴 035_ 2월 첫째 주 새로 나온 것들,http://t1.daumcdn.net/brunch/service/user/aNn/image/Q5Zbc6tB22RrbfYKDoUkP30GFnA.png,https://brunch.co.kr/@hardw1996/58
스트리밍,스포티파이 드디어 국내 론칭!,왓츠뉴 035_ 2월 첫째 주 새로 나온 것들,http://t1.daumcdn.net/brunch/service/user/aNn/image/Q5Zbc6tB22RrbfYKDoUkP30GFnA.png,https://brunch.co.kr/@hardw1996/58
디지털 트랜스포메이션,"친환경, 유기농, 비건 제품만 모았다!",왓츠뉴 034_ 1월 셋째 주 새로 나온 것들,http://t1.daumcdn.net/brunch/service/user/aNn/image/heop_4sbmH7hWTI_mS71XMw1Gvo.png,https://brunch.co.kr/@hardw1996/57
미닝아웃,"친환경, 유기농, 비건 제품만 모았다!",왓츠뉴 034_ 1월 셋째 주 새로 나온 것들,http://t1.daumcdn.net/brunch/service/user/aNn/image/heop_4sbmH7hWTI_mS71XMw1Gvo.png,https://brunch.co.kr/@hardw1996/57
착한 소비,"친환경, 유기농, 비건 제품만 모았다!",왓츠뉴 034_ 1월 셋째 주 새로 나온 것들,http://t1.daumcdn.net/brunch/service/user/aNn/image/heop_4sbmH7hWTI_mS71XMw1Gvo.png,https://brunch.co.kr/@hardw1996/57
비건,"친환경, 유기농, 비건 제품만 모았다!",왓츠뉴 034_ 1월 셋째 주 새로 나온 것들,http://t1.daumcdn.net/brunch/service/user/aNn/image/heop_4sbmH7hWTI_mS71XMw1Gvo.png,https://brunch.co.kr/@hardw1996/57
유기농,"친환경, 유기농, 비건 제품만 모았다!",왓츠뉴 034_ 1월 셋째 주 새로 나온 것들,http://t1.daumcdn.net/brunch/service/user/aNn/image/heop_4sbmH7hWTI_mS71XMw1Gvo.png,https://brunch.co.kr/@hardw1996/57
친환경,"친환경, 유기농, 비건 제품만 모았다!",왓츠뉴 034_ 1월 셋째 주 새로 나온 것들,http://t1.daumcdn.net/brunch/service/user/aNn/image/heop_4sbmH7hWTI_mS71XMw1Gvo.png,https://brunch.co.kr/@hardw1996/57
넛지,"구독 사업, 카카오톡 이모티콘도?",왓츠뉴 034_ 1월 셋째 주 새로 나온 것들,http://t1.daumcdn.net/brunch/service/user/aNn/image/heop_4sbmH7hWTI_mS71XMw1Gvo.png,https://brunch.co.kr/@hardw1996/57
구독,"구독 사업, 카카오톡 이모티콘도?",왓츠뉴 034_ 1월 셋째 주 새로 나온 것들,http://t1.daumcdn.net/brunch/service/user/aNn/image/heop_4sbmH7hWTI_mS71XMw1Gvo.png,https://brunch.co.kr/@hardw1996/57
카카오 지갑,"구독 사업, 카카오톡 이모티콘도?",왓츠뉴 034_ 1월 셋째 주 새로 나온 것들,http://t1.daumcdn.net/brunch/service/user/aNn/image/heop_4sbmH7hWTI_mS71XMw1Gvo.png,https://brunch.co.kr/@hardw1996/57
이모티콘 구독,"구독 사업, 카카오톡 이모티콘도?",왓츠뉴 034_ 1월 셋째 주 새로 나온 것들,http://t1.daumcdn.net/brunch/service/user/aNn/image/heop_4sbmH7hWTI_mS71XMw1Gvo.png,https://brunch.co.kr/@hardw1996/57
이모티콘 플러스,"구독 사업, 카카오톡 이모티콘도?",왓츠뉴 034_ 1월 셋째 주 새로 나온 것들,http://t1.daumcdn.net/brunch/service/user/aNn/image/heop_4sbmH7hWTI_mS71XMw1Gvo.png,https://brunch.co.kr/@hardw1996/57
이모티콘,"구독 사업, 카카오톡 이모티콘도?",왓츠뉴 034_ 1월 셋째 주 새로 나온 것들,http://t1.daumcdn.net/brunch/service/user/aNn/image/heop_4sbmH7hWTI_mS71XMw1Gvo.png,https://brunch.co.kr/@hardw1996/57
리브랜딩,더 단순해진 미니멀 버거킹!,왓츠뉴 034_ 1월 셋째 주 새로 나온 것들,http://t1.daumcdn.net/brunch/service/user/aNn/image/heop_4sbmH7hWTI_mS71XMw1Gvo.png,https://brunch.co.kr/@hardw1996/57
flame체,더 단순해진 미니멀 버거킹!,왓츠뉴 034_ 1월 셋째 주 새로 나온 것들,http://t1.daumcdn.net/brunch/service/user/aNn/image/heop_4sbmH7hWTI_mS71XMw1Gvo.png,https://brunch.co.kr/@hardw1996/57
로고,더 단순해진 미니멀 버거킹!,왓츠뉴 034_ 1월 셋째 주 새로 나온 것들,http://t1.daumcdn.net/brunch/service/user/aNn/image/heop_4sbmH7hWTI_mS71XMw1Gvo.png,https://brunch.co.kr/@hardw1996/57
비주얼 아이덴티티,더 단순해진 미니멀 버거킹!,왓츠뉴 034_ 1월 셋째 주 새로 나온 것들,http://t1.daumcdn.net/brunch/service/user/aNn/image/heop_4sbmH7hWTI_mS71XMw1Gvo.png,https://brunch.co.kr/@hardw1996/57
플랫,더 단순해진 미니멀 버거킹!,왓츠뉴 034_ 1월 셋째 주 새로 나온 것들,http://t1.daumcdn.net/brunch/service/user/aNn/image/heop_4sbmH7hWTI_mS71XMw1Gvo.png,https://brunch.co.kr/@hardw1996/57
미니멀,더 단순해진 미니멀 버거킹!,왓츠뉴 034_ 1월 셋째 주 새로 나온 것들,http://t1.daumcdn.net/brunch/service/user/aNn/image/heop_4sbmH7hWTI_mS71XMw1Gvo.png,https://brunch.co.kr/@hardw1996/57
심플리케이션,네가 알던 내가 아냐! 사명 바꾸기?,왓츠뉴 033_ 1월 첫째 주 새로 나온 것들,http://t1.daumcdn.net/brunch/service/user/aNn/image/WWMFnv9I8FbUax-8ONAlpdueer4.png,https://brunch.co.kr/@hardw1996/53
브랜드 네임,네가 알던 내가 아냐! 사명 바꾸기?,왓츠뉴 033_ 1월 첫째 주 새로 나온 것들,http://t1.daumcdn.net/brunch/service/user/aNn/image/WWMFnv9I8FbUax-8ONAlpdueer4.png,https://brunch.co.kr/@hardw1996/53
사명 바꾸기,네가 알던 내가 아냐! 사명 바꾸기?,왓츠뉴 033_ 1월 첫째 주 새로 나온 것들,http://t1.daumcdn.net/brunch/service/user/aNn/image/WWMFnv9I8FbUax-8ONAlpdueer4.png,https://brunch.co.kr/@hardw1996/53
콘텐츠 사업,브랜드의 시간 경쟁!,왓츠뉴 033_ 1월 첫째 주 새로 나온 것들,http://t1.daumcdn.net/brunch/service/user/aNn/image/WWMFnv9I8FbUax-8ONAlpdueer4.png,https://brunch.co.kr/@hardw1996/53
시간 경쟁,브랜드의 시간 경쟁!,왓츠뉴 033_ 1월 첫째 주 새로 나온 것들,http://t1.daumcdn.net/brunch/service/user/aNn/image/WWMFnv9I8FbUax-8ONAlpdueer4.png,https://brunch.co.kr/@hardw1996/53
C랩 아웃사이드,외계인 들켜버린 삼성전자,왓츠뉴 033_ 1월 첫째 주 새로 나온 것들,http://t1.daumcdn.net/brunch/service/user/aNn/image/WWMFnv9I8FbUax-8ONAlpdueer4.png,https://brunch.co.kr/@hardw1996/53
스크린 포 올,외계인 들켜버린 삼성전자,왓츠뉴 033_ 1월 첫째 주 새로 나온 것들,http://t1.daumcdn.net/brunch/service/user/aNn/image/WWMFnv9I8FbUax-8ONAlpdueer4.png,https://brunch.co.kr/@hardw1996/53
승현준,외계인 들켜버린 삼성전자,왓츠뉴 033_ 1월 첫째 주 새로 나온 것들,http://t1.daumcdn.net/brunch/service/user/aNn/image/WWMFnv9I8FbUax-8ONAlpdueer4.png,https://brunch.co.kr/@hardw1996/53
CES,외계인 들켜버린 삼성전자,왓츠뉴 033_ 1월 첫째 주 새로 나온 것들,http://t1.daumcdn.net/brunch/service/user/aNn/image/WWMFnv9I8FbUax-8ONAlpdueer4.png,https://brunch.co.kr/@hardw1996/53
삼성 외계인,외계인 들켜버린 삼성전자,왓츠뉴 033_ 1월 첫째 주 새로 나온 것들,http://t1.daumcdn.net/brunch/service/user/aNn/image/WWMFnv9I8FbUax-8ONAlpdueer4.png,https://brunch.co.kr/@hardw1996/53
챌린지,마켓컬리와 은행 적금의 만남?,왓츠뉴 032_ 12월 셋째 주 새로 나온 것들,http://t1.daumcdn.net/brunch/service/user/aNn/image/7yjNK-nJzHmA5f_myuSn5HjATiA.png,https://brunch.co.kr/@hardw1996/52
저금통,마켓컬리와 은행 적금의 만남?,왓츠뉴 032_ 12월 셋째 주 새로 나온 것들,http://t1.daumcdn.net/brunch/service/user/aNn/image/7yjNK-nJzHmA5f_myuSn5HjATiA.png,https://brunch.co.kr/@hardw1996/52
게이미피케이션,마켓컬리와 은행 적금의 만남?,왓츠뉴 032_ 12월 셋째 주 새로 나온 것들,http://t1.daumcdn.net/brunch/service/user/aNn/image/7yjNK-nJzHmA5f_myuSn5HjATiA.png,https://brunch.co.kr/@hardw1996/52
적금,마켓컬리와 은행 적금의 만남?,왓츠뉴 032_ 12월 셋째 주 새로 나온 것들,http://t1.daumcdn.net/brunch/service/user/aNn/image/7yjNK-nJzHmA5f_myuSn5HjATiA.png,https://brunch.co.kr/@hardw1996/52
검색어 순위,소셜미디어로 정리하는 2020년,왓츠뉴 032_ 12월 셋째 주 새로 나온 것들,http://t1.daumcdn.net/brunch/service/user/aNn/image/7yjNK-nJzHmA5f_myuSn5HjATiA.png,https://brunch.co.kr/@hardw1996/52
연말 결산,소셜미디어로 정리하는 2020년,왓츠뉴 032_ 12월 셋째 주 새로 나온 것들,http://t1.daumcdn.net/brunch/service/user/aNn/image/7yjNK-nJzHmA5f_myuSn5HjATiA.png,https://brunch.co.kr/@hardw1996/52
요리 채널,소셜미디어로 정리하는 2020년,왓츠뉴 032_ 12월 셋째 주 새로 나온 것들,http://t1.daumcdn.net/brunch/service/user/aNn/image/7yjNK-nJzHmA5f_myuSn5HjATiA.png,https://brunch.co.kr/@hardw1996/52
테스형,소셜미디어로 정리하는 2020년,왓츠뉴 032_ 12월 셋째 주 새로 나온 것들,http://t1.daumcdn.net/brunch/service/user/aNn/image/7yjNK-nJzHmA5f_myuSn5HjATiA.png,https://brunch.co.kr/@hardw1996/52
웹예능,소셜미디어로 정리하는 2020년,왓츠뉴 032_ 12월 셋째 주 새로 나온 것들,http://t1.daumcdn.net/brunch/service/user/aNn/image/7yjNK-nJzHmA5f_myuSn5HjATiA.png,https://brunch.co.kr/@hardw1996/52
가짜사나이,소셜미디어로 정리하는 2020년,왓츠뉴 032_ 12월 셋째 주 새로 나온 것들,http://t1.daumcdn.net/brunch/service/user/aNn/image/7yjNK-nJzHmA5f_myuSn5HjATiA.png,https://brunch.co.kr/@hardw1996/52
네고왕,소셜미디어로 정리하는 2020년,왓츠뉴 032_ 12월 셋째 주 새로 나온 것들,http://t1.daumcdn.net/brunch/service/user/aNn/image/7yjNK-nJzHmA5f_myuSn5HjATiA.png,https://brunch.co.kr/@hardw1996/52
소셜미디어,소셜미디어로 정리하는 2020년,왓츠뉴 032_ 12월 셋째 주 새로 나온 것들,http://t1.daumcdn.net/brunch/service/user/aNn/image/7yjNK-nJzHmA5f_myuSn5HjATiA.png,https://brunch.co.kr/@hardw1996/52
레트로,"크리스마스 케이크, 어떤 걸로 할까?",왓츠뉴 032_ 12월 셋째 주 새로 나온 것들,http://t1.daumcdn.net/brunch/service/user/aNn/image/7yjNK-nJzHmA5f_myuSn5HjATiA.png,https://brunch.co.kr/@hardw1996/52
레트로 산타,"크리스마스 케이크, 어떤 걸로 할까?",왓츠뉴 032_ 12월 셋째 주 새로 나온 것들,http://t1.daumcdn.net/brunch/service/user/aNn/image/7yjNK-nJzHmA5f_myuSn5HjATiA.png,https://brunch.co.kr/@hardw1996/52
윌리를 찾아서,"크리스마스 케이크, 어떤 걸로 할까?",왓츠뉴 032_ 12월 셋째 주 새로 나온 것들,http://t1.daumcdn.net/brunch/service/user/aNn/image/7yjNK-nJzHmA5f_myuSn5HjATiA.png,https://brunch.co.kr/@hardw1996/52
케이크,"크리스마스 케이크, 어떤 걸로 할까?",왓츠뉴 032_ 12월 셋째 주 새로 나온 것들,http://t1.daumcdn.net/brunch/service/user/aNn/image/7yjNK-nJzHmA5f_myuSn5HjATiA.png,https://brunch.co.kr/@hardw1996/52
크리스마스 케이크,"크리스마스 케이크, 어떤 걸로 할까?",왓츠뉴 032_ 12월 셋째 주 새로 나온 것들,http://t1.daumcdn.net/brunch/service/user/aNn/image/7yjNK-nJzHmA5f_myuSn5HjATiA.png,https://brunch.co.kr/@hardw1996/52
진저브레드 홈,이케아의 과자집,왓츠뉴 032_ 12월 셋째 주 새로 나온 것들,http://t1.daumcdn.net/brunch/service/user/aNn/image/7yjNK-nJzHmA5f_myuSn5HjATiA.png,https://brunch.co.kr/@hardw1996/52
과자집,이케아의 과자집,왓츠뉴 032_ 12월 셋째 주 새로 나온 것들,http://t1.daumcdn.net/brunch/service/user/aNn/image/7yjNK-nJzHmA5f_myuSn5HjATiA.png,https://brunch.co.kr/@hardw1996/52
크리스마스,브랜드의 크리스마스 마케팅,왓츠뉴 032_ 12월 셋째 주 새로 나온 것들,http://t1.daumcdn.net/brunch/service/user/aNn/image/7yjNK-nJzHmA5f_myuSn5HjATiA.png,https://brunch.co.kr/@hardw1996/52
콘텐츠 사업,신세계의 라이벌은 넷플릭스?,왓츠뉴 031_ 12월 첫째 주 새로 나온 것들,http://t1.daumcdn.net/brunch/service/user/aNn/image/7-exVSLpNJr2qQdJke9dhInMXn8.png,https://brunch.co.kr/@hardw1996/51
드라마 커머스,신세계의 라이벌은 넷플릭스?,왓츠뉴 031_ 12월 첫째 주 새로 나온 것들,http://t1.daumcdn.net/brunch/service/user/aNn/image/7-exVSLpNJr2qQdJke9dhInMXn8.png,https://brunch.co.kr/@hardw1996/51
PLCC,우리카드 X 네이버웹툰,왓츠뉴 031_ 12월 첫째 주 새로 나온 것들,http://t1.daumcdn.net/brunch/service/user/aNn/image/7-exVSLpNJr2qQdJke9dhInMXn8.png,https://brunch.co.kr/@hardw1996/51
카드 디자인,우리카드 X 네이버웹툰,왓츠뉴 031_ 12월 첫째 주 새로 나온 것들,http://t1.daumcdn.net/brunch/service/user/aNn/image/7-exVSLpNJr2qQdJke9dhInMXn8.png,https://brunch.co.kr/@hardw1996/51
웹툰,우리카드 X 네이버웹툰,왓츠뉴 031_ 12월 첫째 주 새로 나온 것들,http://t1.daumcdn.net/brunch/service/user/aNn/image/7-exVSLpNJr2qQdJke9dhInMXn8.png,https://brunch.co.kr/@hardw1996/51
체크카드,우리카드 X 네이버웹툰,왓츠뉴 031_ 12월 첫째 주 새로 나온 것들,http://t1.daumcdn.net/brunch/service/user/aNn/image/7-exVSLpNJr2qQdJke9dhInMXn8.png,https://brunch.co.kr/@hardw1996/51
네이버웹툰 카드,우리카드 X 네이버웹툰,왓츠뉴 031_ 12월 첫째 주 새로 나온 것들,http://t1.daumcdn.net/brunch/service/user/aNn/image/7-exVSLpNJr2qQdJke9dhInMXn8.png,https://brunch.co.kr/@hardw1996/51
카드사 캐릭터,우리카드 X 네이버웹툰,왓츠뉴 031_ 12월 첫째 주 새로 나온 것들,http://t1.daumcdn.net/brunch/service/user/aNn/image/7-exVSLpNJr2qQdJke9dhInMXn8.png,https://brunch.co.kr/@hardw1996/51
레드닷 어워드,"인터브랜드, 2020 올해의 에이전시!",왓츠뉴 031_ 12월 첫째 주 새로 나온 것들,http://t1.daumcdn.net/brunch/service/user/aNn/image/7-exVSLpNJr2qQdJke9dhInMXn8.png,https://brunch.co.kr/@hardw1996/51
산돌구름맛 호빵,산돌구름맛 호빵은 무슨 맛?,왓츠뉴 030_ 11월 셋째 주 새로 나온 것들,http://t1.daumcdn.net/brunch/service/user/aNn/image/h3BpmqkRxLFvC72QYQvPmyM9ND8.png,https://brunch.co.kr/@hardw1996/49
삼립호빵체,산돌구름맛 호빵은 무슨 맛?,왓츠뉴 030_ 11월 셋째 주 새로 나온 것들,http://t1.daumcdn.net/brunch/service/user/aNn/image/h3BpmqkRxLFvC72QYQvPmyM9ND8.png,https://brunch.co.kr/@hardw1996/49
삼립호빵,산돌구름맛 호빵은 무슨 맛?,왓츠뉴 030_ 11월 셋째 주 새로 나온 것들,http://t1.daumcdn.net/brunch/service/user/aNn/image/h3BpmqkRxLFvC72QYQvPmyM9ND8.png,https://brunch.co.kr/@hardw1996/49
콜라보,산돌구름맛 호빵은 무슨 맛?,왓츠뉴 030_ 11월 셋째 주 새로 나온 것들,http://t1.daumcdn.net/brunch/service/user/aNn/image/h3BpmqkRxLFvC72QYQvPmyM9ND8.png,https://brunch.co.kr/@hardw1996/49
클래식 블루,팬톤이 만든 스케이트 보드?,왓츠뉴 030_ 11월 셋째 주 새로 나온 것들,http://t1.daumcdn.net/brunch/service/user/aNn/image/h3BpmqkRxLFvC72QYQvPmyM9ND8.png,https://brunch.co.kr/@hardw1996/49
올해의 컬러,팬톤이 만든 스케이트 보드?,왓츠뉴 030_ 11월 셋째 주 새로 나온 것들,http://t1.daumcdn.net/brunch/service/user/aNn/image/h3BpmqkRxLFvC72QYQvPmyM9ND8.png,https://brunch.co.kr/@hardw1996/49
팬톤 스케이트보드,팬톤이 만든 스케이트 보드?,왓츠뉴 030_ 11월 셋째 주 새로 나온 것들,http://t1.daumcdn.net/brunch/service/user/aNn/image/h3BpmqkRxLFvC72QYQvPmyM9ND8.png,https://brunch.co.kr/@hardw1996/49
콜라보,팬톤이 만든 스케이트 보드?,왓츠뉴 030_ 11월 셋째 주 새로 나온 것들,http://t1.daumcdn.net/brunch/service/user/aNn/image/h3BpmqkRxLFvC72QYQvPmyM9ND8.png,https://brunch.co.kr/@hardw1996/49
탭투페이,구글페이! 구글의 핀테크 도전?,왓츠뉴 030_ 11월 셋째 주 새로 나온 것들,http://t1.daumcdn.net/brunch/service/user/aNn/image/h3BpmqkRxLFvC72QYQvPmyM9ND8.png,https://brunch.co.kr/@hardw1996/49
간편결제,구글페이! 구글의 핀테크 도전?,왓츠뉴 030_ 11월 셋째 주 새로 나온 것들,http://t1.daumcdn.net/brunch/service/user/aNn/image/h3BpmqkRxLFvC72QYQvPmyM9ND8.png,https://brunch.co.kr/@hardw1996/49
플렉스,구글페이! 구글의 핀테크 도전?,왓츠뉴 030_ 11월 셋째 주 새로 나온 것들,http://t1.daumcdn.net/brunch/service/user/aNn/image/h3BpmqkRxLFvC72QYQvPmyM9ND8.png,https://brunch.co.kr/@hardw1996/49
구글페이,구글페이! 구글의 핀테크 도전?,왓츠뉴 030_ 11월 셋째 주 새로 나온 것들,http://t1.daumcdn.net/brunch/service/user/aNn/image/h3BpmqkRxLFvC72QYQvPmyM9ND8.png,https://brunch.co.kr/@hardw1996/49
핀테크,구글페이! 구글의 핀테크 도전?,왓츠뉴 030_ 11월 셋째 주 새로 나온 것들,http://t1.daumcdn.net/brunch/service/user/aNn/image/h3BpmqkRxLFvC72QYQvPmyM9ND8.png,https://brunch.co.kr/@hardw1996/49
로컬 커뮤니티,"당근마켓, 뭐든 팔 수 있나요?",왓츠뉴 029_ 11월 첫째 주 새로 나온 것들,http://t1.daumcdn.net/brunch/service/user/aNn/image/weoPonfz1siEMBHgliTYjlRUgK8.png,https://brunch.co.kr/@hardw1996/48
종이 페트병,플라스틱을 죽여라!,왓츠뉴 029_ 11월 첫째 주 새로 나온 것들,http://t1.daumcdn.net/brunch/service/user/aNn/image/weoPonfz1siEMBHgliTYjlRUgK8.png,https://brunch.co.kr/@hardw1996/48
지속 가능,플라스틱을 죽여라!,왓츠뉴 029_ 11월 첫째 주 새로 나온 것들,http://t1.daumcdn.net/brunch/service/user/aNn/image/weoPonfz1siEMBHgliTYjlRUgK8.png,https://brunch.co.kr/@hardw1996/48
레스 플라스틱,플라스틱을 죽여라!,왓츠뉴 029_ 11월 첫째 주 새로 나온 것들,http://t1.daumcdn.net/brunch/service/user/aNn/image/weoPonfz1siEMBHgliTYjlRUgK8.png,https://brunch.co.kr/@hardw1996/48
플라스틱,플라스틱을 죽여라!,왓츠뉴 029_ 11월 첫째 주 새로 나온 것들,http://t1.daumcdn.net/brunch/service/user/aNn/image/weoPonfz1siEMBHgliTYjlRUgK8.png,https://brunch.co.kr/@hardw1996/48
2021,따끈따끈한 2021 트렌드,왓츠뉴 029_ 11월 첫째 주 새로 나온 것들,http://t1.daumcdn.net/brunch/service/user/aNn/image/weoPonfz1siEMBHgliTYjlRUgK8.png,https://brunch.co.kr/@hardw1996/48
김난도,따끈따끈한 2021 트렌드,왓츠뉴 029_ 11월 첫째 주 새로 나온 것들,http://t1.daumcdn.net/brunch/service/user/aNn/image/weoPonfz1siEMBHgliTYjlRUgK8.png,https://brunch.co.kr/@hardw1996/48
트렌드 코리아,따끈따끈한 2021 트렌드,왓츠뉴 029_ 11월 첫째 주 새로 나온 것들,http://t1.daumcdn.net/brunch/service/user/aNn/image/weoPonfz1siEMBHgliTYjlRUgK8.png,https://brunch.co.kr/@hardw1996/48
트렌드,따끈따끈한 2021 트렌드,왓츠뉴 029_ 11월 첫째 주 새로 나온 것들,http://t1.daumcdn.net/brunch/service/user/aNn/image/weoPonfz1siEMBHgliTYjlRUgK8.png,https://brunch.co.kr/@hardw1996/48
못생긴 패키지,가장 못생기고 매력 없는 제품 패키지,왓츠뉴 028_ 10월 셋째 주 새로 나온 것들,http://t1.daumcdn.net/brunch/service/user/aNn/image/_jzltQ47z50DTIDvV0fV2vejqGU.png,https://brunch.co.kr/@hardw1996/47
이커머스,SSG도 쿠팡처럼 오픈마켓 도전!,왓츠뉴 028_ 10월 셋째 주 새로 나온 것들,http://t1.daumcdn.net/brunch/service/user/aNn/image/_jzltQ47z50DTIDvV0fV2vejqGU.png,https://brunch.co.kr/@hardw1996/47
오픈마켓,SSG도 쿠팡처럼 오픈마켓 도전!,왓츠뉴 028_ 10월 셋째 주 새로 나온 것들,http://t1.daumcdn.net/brunch/service/user/aNn/image/_jzltQ47z50DTIDvV0fV2vejqGU.png,https://brunch.co.kr/@hardw1996/47
택배 박스,"할로윈 전용, 아마존 택배 박스",왓츠뉴 028_ 10월 셋째 주 새로 나온 것들,http://t1.daumcdn.net/brunch/service/user/aNn/image/_jzltQ47z50DTIDvV0fV2vejqGU.png,https://brunch.co.kr/@hardw1996/47
할로윈,"할로윈 전용, 아마존 택배 박스",왓츠뉴 028_ 10월 셋째 주 새로 나온 것들,http://t1.daumcdn.net/brunch/service/user/aNn/image/_jzltQ47z50DTIDvV0fV2vejqGU.png,https://brunch.co.kr/@hardw1996/47
유통,네이버와 CJ의 만남!,왓츠뉴 027_ 10월 둘째 주 새로 나온 것들,http://t1.daumcdn.net/brunch/service/user/aNn/image/7K0mohQHUdmH0DRDbvCmOXl0HE4.png,https://brunch.co.kr/@hardw1996/46
부리글꼴,네이버와 CJ의 만남!,왓츠뉴 027_ 10월 둘째 주 새로 나온 것들,http://t1.daumcdn.net/brunch/service/user/aNn/image/7K0mohQHUdmH0DRDbvCmOXl0HE4.png,https://brunch.co.kr/@hardw1996/46
폰트,세리프체 대신 부리 글꼴!,왓츠뉴 027_ 10월 둘째 주 새로 나온 것들,http://t1.daumcdn.net/brunch/service/user/aNn/image/7K0mohQHUdmH0DRDbvCmOXl0HE4.png,https://brunch.co.kr/@hardw1996/46
플로깅,조깅 대신 플로깅?,왓츠뉴 027_ 10월 둘째 주 새로 나온 것들,http://t1.daumcdn.net/brunch/service/user/aNn/image/7K0mohQHUdmH0DRDbvCmOXl0HE4.png,https://brunch.co.kr/@hardw1996/46
크라우드 펀딩,삼성전자 냉장고도 크라우드 펀딩!,왓츠뉴 026_ 10월 첫째 주 새로 나온 것들,http://t1.daumcdn.net/brunch/service/user/aNn/image/hthrUTA6xmQrxGPj_Ex7LgLs0KY.png,https://brunch.co.kr/@hardw1996/45
비스포크,삼성전자 냉장고도 크라우드 펀딩!,왓츠뉴 026_ 10월 첫째 주 새로 나온 것들,http://t1.daumcdn.net/brunch/service/user/aNn/image/hthrUTA6xmQrxGPj_Ex7LgLs0KY.png,https://brunch.co.kr/@hardw1996/45
유통,삼성전자 냉장고도 크라우드 펀딩!,왓츠뉴 026_ 10월 첫째 주 새로 나온 것들,http://t1.daumcdn.net/brunch/service/user/aNn/image/hthrUTA6xmQrxGPj_Ex7LgLs0KY.png,https://brunch.co.kr/@hardw1996/45
모빌리티,모빌리티에 관한 두 가지 인사이트,왓츠뉴 026_ 10월 첫째 주 새로 나온 것들,http://t1.daumcdn.net/brunch/service/user/aNn/image/hthrUTA6xmQrxGPj_Ex7LgLs0KY.png,https://brunch.co.kr/@hardw1996/45
통합형 모빌리티 서비스,모빌리티에 관한 두 가지 인사이트,왓츠뉴 026_ 10월 첫째 주 새로 나온 것들,http://t1.daumcdn.net/brunch/service/user/aNn/image/hthrUTA6xmQrxGPj_Ex7LgLs0KY.png,https://brunch.co.kr/@hardw1996/45
신서유기,tvN이 신서유기8의 기대감을 높이는 방법,왓츠뉴 026_ 10월 첫째 주 새로 나온 것들,http://t1.daumcdn.net/brunch/service/user/aNn/image/hthrUTA6xmQrxGPj_Ex7LgLs0KY.png,https://brunch.co.kr/@hardw1996/45
AR,tvN이 신서유기8의 기대감을 높이는 방법,왓츠뉴 026_ 10월 첫째 주 새로 나온 것들,http://t1.daumcdn.net/brunch/service/user/aNn/image/hthrUTA6xmQrxGPj_Ex7LgLs0KY.png,https://brunch.co.kr/@hardw1996/45
신묘한,tvN이 신서유기8의 기대감을 높이는 방법,왓츠뉴 026_ 10월 첫째 주 새로 나온 것들,http://t1.daumcdn.net/brunch/service/user/aNn/image/hthrUTA6xmQrxGPj_Ex7LgLs0KY.png,https://brunch.co.kr/@hardw1996/45
자율주행차,자율주행차의 미래! 달리는 사무실,왓츠뉴 025_ 9월 마지막 주 새로 나온 것들,http://t1.daumcdn.net/brunch/service/user/aNn/image/EFKYx5R8G_dQOSDhSZvJyN1K-TI.png,https://brunch.co.kr/@hardw1996/44
아이오닉,자율주행차의 미래! 달리는 사무실,왓츠뉴 025_ 9월 마지막 주 새로 나온 것들,http://t1.daumcdn.net/brunch/service/user/aNn/image/EFKYx5R8G_dQOSDhSZvJyN1K-TI.png,https://brunch.co.kr/@hardw1996/44
전기차,자율주행차의 미래! 달리는 사무실,왓츠뉴 025_ 9월 마지막 주 새로 나온 것들,http://t1.daumcdn.net/brunch/service/user/aNn/image/EFKYx5R8G_dQOSDhSZvJyN1K-TI.png,https://brunch.co.kr/@hardw1996/44
모빌리티,자율주행차의 미래! 달리는 사무실,왓츠뉴 025_ 9월 마지막 주 새로 나온 것들,http://t1.daumcdn.net/brunch/service/user/aNn/image/EFKYx5R8G_dQOSDhSZvJyN1K-TI.png,https://brunch.co.kr/@hardw1996/44
저관여제품,진열 방식을 고려한 우유 패키지,왓츠뉴 025_ 9월 마지막 주 새로 나온 것들,http://t1.daumcdn.net/brunch/service/user/aNn/image/EFKYx5R8G_dQOSDhSZvJyN1K-TI.png,https://brunch.co.kr/@hardw1996/44
패키지디자인,진열 방식을 고려한 우유 패키지,왓츠뉴 025_ 9월 마지막 주 새로 나온 것들,http://t1.daumcdn.net/brunch/service/user/aNn/image/EFKYx5R8G_dQOSDhSZvJyN1K-TI.png,https://brunch.co.kr/@hardw1996/44
숍인숍,편의점에서 만나는 고기 자판기?,왓츠뉴 025_ 9월 마지막 주 새로 나온 것들,http://t1.daumcdn.net/brunch/service/user/aNn/image/EFKYx5R8G_dQOSDhSZvJyN1K-TI.png,https://brunch.co.kr/@hardw1996/44
혼추족,편의점에서 만나는 고기 자판기?,왓츠뉴 025_ 9월 마지막 주 새로 나온 것들,http://t1.daumcdn.net/brunch/service/user/aNn/image/EFKYx5R8G_dQOSDhSZvJyN1K-TI.png,https://brunch.co.kr/@hardw1996/44
무인자판기,편의점에서 만나는 고기 자판기?,왓츠뉴 025_ 9월 마지막 주 새로 나온 것들,http://t1.daumcdn.net/brunch/service/user/aNn/image/EFKYx5R8G_dQOSDhSZvJyN1K-TI.png,https://brunch.co.kr/@hardw1996/44
편의점,편의점에서 만나는 고기 자판기?,왓츠뉴 025_ 9월 마지막 주 새로 나온 것들,http://t1.daumcdn.net/brunch/service/user/aNn/image/EFKYx5R8G_dQOSDhSZvJyN1K-TI.png,https://brunch.co.kr/@hardw1996/44
두껍상회,어른이 위한 진로 문방구,왓츠뉴 024_ 8월 둘째 주 새로 나온 것들,http://t1.daumcdn.net/brunch/service/user/aNn/image/2vrrPUphahm6Mq5we1_fiqKej1o.png,https://brunch.co.kr/@hardw1996/41
진로이즈백,어른이 위한 진로 문방구,왓츠뉴 024_ 8월 둘째 주 새로 나온 것들,http://t1.daumcdn.net/brunch/service/user/aNn/image/2vrrPUphahm6Mq5we1_fiqKej1o.png,https://brunch.co.kr/@hardw1996/41
참이슬백팩,어른이 위한 진로 문방구,왓츠뉴 024_ 8월 둘째 주 새로 나온 것들,http://t1.daumcdn.net/brunch/service/user/aNn/image/2vrrPUphahm6Mq5we1_fiqKej1o.png,https://brunch.co.kr/@hardw1996/41
뮬란,"뮬란 개봉, 극장? 스트리밍?",왓츠뉴 024_ 8월 둘째 주 새로 나온 것들,http://t1.daumcdn.net/brunch/service/user/aNn/image/2vrrPUphahm6Mq5we1_fiqKej1o.png,https://brunch.co.kr/@hardw1996/41
디즈니플러스,"뮬란 개봉, 극장? 스트리밍?",왓츠뉴 024_ 8월 둘째 주 새로 나온 것들,http://t1.daumcdn.net/brunch/service/user/aNn/image/2vrrPUphahm6Mq5we1_fiqKej1o.png,https://brunch.co.kr/@hardw1996/41
사냥의시간,"뮬란 개봉, 극장? 스트리밍?",왓츠뉴 024_ 8월 둘째 주 새로 나온 것들,http://t1.daumcdn.net/brunch/service/user/aNn/image/2vrrPUphahm6Mq5we1_fiqKej1o.png,https://brunch.co.kr/@hardw1996/41
스트리밍,"뮬란 개봉, 극장? 스트리밍?",왓츠뉴 024_ 8월 둘째 주 새로 나온 것들,http://t1.daumcdn.net/brunch/service/user/aNn/image/2vrrPUphahm6Mq5we1_fiqKej1o.png,https://brunch.co.kr/@hardw1996/41
20세기폭스,"뮬란 개봉, 극장? 스트리밍?",왓츠뉴 024_ 8월 둘째 주 새로 나온 것들,http://t1.daumcdn.net/brunch/service/user/aNn/image/2vrrPUphahm6Mq5we1_fiqKej1o.png,https://brunch.co.kr/@hardw1996/41
OTT,"뮬란 개봉, 극장? 스트리밍?",왓츠뉴 024_ 8월 둘째 주 새로 나온 것들,http://t1.daumcdn.net/brunch/service/user/aNn/image/2vrrPUphahm6Mq5we1_fiqKej1o.png,https://brunch.co.kr/@hardw1996/41
구찌 스니커 개러지,"구찌, 커스텀 스니커 앱 출시",왓츠뉴 024_ 8월 둘째 주 새로 나온 것들,http://t1.daumcdn.net/brunch/service/user/aNn/image/2vrrPUphahm6Mq5we1_fiqKej1o.png,https://brunch.co.kr/@hardw1996/41
구찌 게임,"구찌, 커스텀 스니커 앱 출시",왓츠뉴 024_ 8월 둘째 주 새로 나온 것들,http://t1.daumcdn.net/brunch/service/user/aNn/image/2vrrPUphahm6Mq5we1_fiqKej1o.png,https://brunch.co.kr/@hardw1996/41
하인즈 브랜드 리뉴얼,"케첩, 그 이상의 하인즈!",왓츠뉴 023_ 8월 첫째 주 새로 나온 것들,http://t1.daumcdn.net/brunch/service/user/aNn/image/SGJf9D4DFvQLQJjsrzTjGkmEhQs.png,https://brunch.co.kr/@hardw1996/40
건물주 테스트,펀드가 MZ세대와 소통하는 법,왓츠뉴 023_ 8월 첫째 주 새로 나온 것들,http://t1.daumcdn.net/brunch/service/user/aNn/image/SGJf9D4DFvQLQJjsrzTjGkmEhQs.png,https://brunch.co.kr/@hardw1996/40
동전으로 펀드 투자,펀드가 MZ세대와 소통하는 법,왓츠뉴 023_ 8월 첫째 주 새로 나온 것들,http://t1.daumcdn.net/brunch/service/user/aNn/image/SGJf9D4DFvQLQJjsrzTjGkmEhQs.png,https://brunch.co.kr/@hardw1996/40
레드닷 어워드,올해의 레드닷 구경 가자!,왓츠뉴 023_ 8월 첫째 주 새로 나온 것들,http://t1.daumcdn.net/brunch/service/user/aNn/image/SGJf9D4DFvQLQJjsrzTjGkmEhQs.png,https://brunch.co.kr/@hardw1996/40
디자인 어워드,올해의 레드닷 구경 가자!,왓츠뉴 023_ 8월 첫째 주 새로 나온 것들,http://t1.daumcdn.net/brunch/service/user/aNn/image/SGJf9D4DFvQLQJjsrzTjGkmEhQs.png,https://brunch.co.kr/@hardw1996/40
브로앤팁스,올해의 레드닷 구경 가자!,왓츠뉴 023_ 8월 첫째 주 새로 나온 것들,http://t1.daumcdn.net/brunch/service/user/aNn/image/SGJf9D4DFvQLQJjsrzTjGkmEhQs.png,https://brunch.co.kr/@hardw1996/40
미각제빵소,올해의 레드닷 구경 가자!,왓츠뉴 023_ 8월 첫째 주 새로 나온 것들,http://t1.daumcdn.net/brunch/service/user/aNn/image/SGJf9D4DFvQLQJjsrzTjGkmEhQs.png,https://brunch.co.kr/@hardw1996/40
웨어러블 로보틱스,올해의 레드닷 구경 가자!,왓츠뉴 023_ 8월 첫째 주 새로 나온 것들,http://t1.daumcdn.net/brunch/service/user/aNn/image/SGJf9D4DFvQLQJjsrzTjGkmEhQs.png,https://brunch.co.kr/@hardw1996/40
인포테인먼트,올해의 레드닷 구경 가자!,왓츠뉴 023_ 8월 첫째 주 새로 나온 것들,http://t1.daumcdn.net/brunch/service/user/aNn/image/SGJf9D4DFvQLQJjsrzTjGkmEhQs.png,https://brunch.co.kr/@hardw1996/40
카카오 캠페인,[왓츠뉴캠페인] 아직 카카오는,왓츠뉴 023_ 8월 첫째 주 새로 나온 것들,http://t1.daumcdn.net/brunch/service/user/aNn/image/SGJf9D4DFvQLQJjsrzTjGkmEhQs.png,https://brunch.co.kr/@hardw1996/40
뉴트로,뉴트로 집중 탐구!,왓츠뉴 022_ 뉴트로 집중 탐구(2),http://t1.daumcdn.net/brunch/service/user/aNn/image/VOUDGFPEDa_GyTy5TMsV-V_gTbs.png,https://brunch.co.kr/@hardw1996/39
Y2K,"요즘 애들의 레트로, Y2K와 과장된 디지털",왓츠뉴 022_ 뉴트로 집중 탐구(2),http://t1.daumcdn.net/brunch/service/user/aNn/image/VOUDGFPEDa_GyTy5TMsV-V_gTbs.png,https://brunch.co.kr/@hardw1996/39
플루토 프로젝트,"요즘 애들의 레트로, Y2K와 과장된 디지털",왓츠뉴 022_ 뉴트로 집중 탐구(2),http://t1.daumcdn.net/brunch/service/user/aNn/image/VOUDGFPEDa_GyTy5TMsV-V_gTbs.png,https://brunch.co.kr/@hardw1996/39
픽셀 아트,"요즘 애들의 레트로, Y2K와 과장된 디지털",왓츠뉴 022_ 뉴트로 집중 탐구(2),http://t1.daumcdn.net/brunch/service/user/aNn/image/VOUDGFPEDa_GyTy5TMsV-V_gTbs.png,https://brunch.co.kr/@hardw1996/39
전자오락수호대,"요즘 애들의 레트로, Y2K와 과장된 디지털",왓츠뉴 022_ 뉴트로 집중 탐구(2),http://t1.daumcdn.net/brunch/service/user/aNn/image/VOUDGFPEDa_GyTy5TMsV-V_gTbs.png,https://brunch.co.kr/@hardw1996/39
시티팝,"보라색, 시티팝",왓츠뉴 022_ 뉴트로 집중 탐구(2),http://t1.daumcdn.net/brunch/service/user/aNn/image/VOUDGFPEDa_GyTy5TMsV-V_gTbs.png,https://brunch.co.kr/@hardw1996/39
보라빛 밤,"보라색, 시티팝",왓츠뉴 022_ 뉴트로 집중 탐구(2),http://t1.daumcdn.net/brunch/service/user/aNn/image/VOUDGFPEDa_GyTy5TMsV-V_gTbs.png,https://brunch.co.kr/@hardw1996/39
뉴트로,뉴트로 집중 탐구!,왓츠뉴 021_ 뉴트로 집중 탐구(1),http://t1.daumcdn.net/brunch/service/user/aNn/image/-XEnk2rkKZWJn9XNRP4C_KIJbiY.png,https://brunch.co.kr/@hardw1996/38
한국적 뉴트로,한국적 뉴트로의 등장,왓츠뉴 021_ 뉴트로 집중 탐구(1),http://t1.daumcdn.net/brunch/service/user/aNn/image/-XEnk2rkKZWJn9XNRP4C_KIJbiY.png,https://brunch.co.kr/@hardw1996/38
레트로,뉴트로 집중 탐구!,왓츠뉴 021_ 뉴트로 집중 탐구(1),http://t1.daumcdn.net/brunch/service/user/aNn/image/-XEnk2rkKZWJn9XNRP4C_KIJbiY.png,https://brunch.co.kr/@hardw1996/38
조인혁,한국적 뉴트로의 등장,왓츠뉴 021_ 뉴트로 집중 탐구(1),http://t1.daumcdn.net/brunch/service/user/aNn/image/-XEnk2rkKZWJn9XNRP4C_KIJbiY.png,https://brunch.co.kr/@hardw1996/38
응답하라 시리즈,한국적 뉴트로의 등장,왓츠뉴 021_ 뉴트로 집중 탐구(1),http://t1.daumcdn.net/brunch/service/user/aNn/image/-XEnk2rkKZWJn9XNRP4C_KIJbiY.png,https://brunch.co.kr/@hardw1996/38
놀면뭐하니,한국적 뉴트로의 등장,왓츠뉴 021_ 뉴트로 집중 탐구(1),http://t1.daumcdn.net/brunch/service/user/aNn/image/-XEnk2rkKZWJn9XNRP4C_KIJbiY.png,https://brunch.co.kr/@hardw1996/38
싹쓰리,한국적 뉴트로의 등장,왓츠뉴 021_ 뉴트로 집중 탐구(1),http://t1.daumcdn.net/brunch/service/user/aNn/image/-XEnk2rkKZWJn9XNRP4C_KIJbiY.png,https://brunch.co.kr/@hardw1996/38
버내큘러,"오래된 간판, 버내큘러 디자인",왓츠뉴 021_ 뉴트로 집중 탐구(1),http://t1.daumcdn.net/brunch/service/user/aNn/image/-XEnk2rkKZWJn9XNRP4C_KIJbiY.png,https://brunch.co.kr/@hardw1996/38
을지로체,"오래된 간판, 버내큘러 디자인",왓츠뉴 021_ 뉴트로 집중 탐구(1),http://t1.daumcdn.net/brunch/service/user/aNn/image/-XEnk2rkKZWJn9XNRP4C_KIJbiY.png,https://brunch.co.kr/@hardw1996/38
을지로,오래된 새로운 동네,왓츠뉴 021_ 뉴트로 집중 탐구(1),http://t1.daumcdn.net/brunch/service/user/aNn/image/-XEnk2rkKZWJn9XNRP4C_KIJbiY.png,https://brunch.co.kr/@hardw1996/38
성수동,오래된 새로운 동네,왓츠뉴 021_ 뉴트로 집중 탐구(1),http://t1.daumcdn.net/brunch/service/user/aNn/image/-XEnk2rkKZWJn9XNRP4C_KIJbiY.png,https://brunch.co.kr/@hardw1996/38
초복 마케팅,초복엔 펫을 위한 삼계탕?,왓츠뉴 020_ 7월 둘째 주 새로 나온 것들,http://t1.daumcdn.net/brunch/service/user/aNn/image/JfZ3vFrKLcYkvwkMFuTIaHhEoxQ.png,https://brunch.co.kr/@hardw1996/37
펫팸족,초복엔 펫을 위한 삼계탕?,왓츠뉴 020_ 7월 둘째 주 새로 나온 것들,http://t1.daumcdn.net/brunch/service/user/aNn/image/JfZ3vFrKLcYkvwkMFuTIaHhEoxQ.png,https://brunch.co.kr/@hardw1996/37
펫 보양식,초복엔 펫을 위한 삼계탕?,왓츠뉴 020_ 7월 둘째 주 새로 나온 것들,http://t1.daumcdn.net/brunch/service/user/aNn/image/JfZ3vFrKLcYkvwkMFuTIaHhEoxQ.png,https://brunch.co.kr/@hardw1996/37
반려동물,초복엔 펫을 위한 삼계탕?,왓츠뉴 020_ 7월 둘째 주 새로 나온 것들,http://t1.daumcdn.net/brunch/service/user/aNn/image/JfZ3vFrKLcYkvwkMFuTIaHhEoxQ.png,https://brunch.co.kr/@hardw1996/37
쿠팡 훅 인수,"쿠팡, 쇼핑에 영상 콘텐츠를 더하다!",왓츠뉴 020_ 7월 둘째 주 새로 나온 것들,http://t1.daumcdn.net/brunch/service/user/aNn/image/JfZ3vFrKLcYkvwkMFuTIaHhEoxQ.png,https://brunch.co.kr/@hardw1996/37
아마존 프라임 비디오,"쿠팡, 쇼핑에 영상 콘텐츠를 더하다!",왓츠뉴 020_ 7월 둘째 주 새로 나온 것들,http://t1.daumcdn.net/brunch/service/user/aNn/image/JfZ3vFrKLcYkvwkMFuTIaHhEoxQ.png,https://brunch.co.kr/@hardw1996/37
OTT,"쿠팡, 쇼핑에 영상 콘텐츠를 더하다!",왓츠뉴 020_ 7월 둘째 주 새로 나온 것들,http://t1.daumcdn.net/brunch/service/user/aNn/image/JfZ3vFrKLcYkvwkMFuTIaHhEoxQ.png,https://brunch.co.kr/@hardw1996/37
유통,"쿠팡, 쇼핑에 영상 콘텐츠를 더하다!",왓츠뉴 020_ 7월 둘째 주 새로 나온 것들,http://t1.daumcdn.net/brunch/service/user/aNn/image/JfZ3vFrKLcYkvwkMFuTIaHhEoxQ.png,https://brunch.co.kr/@hardw1996/37
미술품 복원 사고,미술 작품 복원하려다 망치면?,왓츠뉴 020_ 7월 둘째 주 새로 나온 것들,http://t1.daumcdn.net/brunch/service/user/aNn/image/JfZ3vFrKLcYkvwkMFuTIaHhEoxQ.png,https://brunch.co.kr/@hardw1996/37
에케 호모,미술 작품 복원하려다 망치면?,왓츠뉴 020_ 7월 둘째 주 새로 나온 것들,http://t1.daumcdn.net/brunch/service/user/aNn/image/JfZ3vFrKLcYkvwkMFuTIaHhEoxQ.png,https://brunch.co.kr/@hardw1996/37
반달리즘,미술 작품 복원하려다 망치면?,왓츠뉴 020_ 7월 둘째 주 새로 나온 것들,http://t1.daumcdn.net/brunch/service/user/aNn/image/JfZ3vFrKLcYkvwkMFuTIaHhEoxQ.png,https://brunch.co.kr/@hardw1996/37
코카콜라 패키지,코카콜라의 뉴-노말 패키지,왓츠뉴 019_ 7월 둘째 주 새로 나온 것들,http://t1.daumcdn.net/brunch/service/user/aNn/image/49X4O2I-6CG0GdxwTEhc6Kp2NmU.png,https://brunch.co.kr/@hardw1996/36
뉴노멀,코카콜라의 뉴-노말 패키지,왓츠뉴 019_ 7월 둘째 주 새로 나온 것들,http://t1.daumcdn.net/brunch/service/user/aNn/image/49X4O2I-6CG0GdxwTEhc6Kp2NmU.png,https://brunch.co.kr/@hardw1996/36
언택트,코카콜라의 뉴-노말 패키지,왓츠뉴 019_ 7월 둘째 주 새로 나온 것들,http://t1.daumcdn.net/brunch/service/user/aNn/image/49X4O2I-6CG0GdxwTEhc6Kp2NmU.png,https://brunch.co.kr/@hardw1996/36
서브봇,배달 로봇이 온다!,왓츠뉴 019_ 7월 둘째 주 새로 나온 것들,http://t1.daumcdn.net/brunch/service/user/aNn/image/49X4O2I-6CG0GdxwTEhc6Kp2NmU.png,https://brunch.co.kr/@hardw1996/36
배송,배달 로봇이 온다!,왓츠뉴 019_ 7월 둘째 주 새로 나온 것들,http://t1.daumcdn.net/brunch/service/user/aNn/image/49X4O2I-6CG0GdxwTEhc6Kp2NmU.png,https://brunch.co.kr/@hardw1996/36
클로이,배달 로봇이 온다!,왓츠뉴 019_ 7월 둘째 주 새로 나온 것들,http://t1.daumcdn.net/brunch/service/user/aNn/image/49X4O2I-6CG0GdxwTEhc6Kp2NmU.png,https://brunch.co.kr/@hardw1996/36
딜리,배달 로봇이 온다!,왓츠뉴 019_ 7월 둘째 주 새로 나온 것들,http://t1.daumcdn.net/brunch/service/user/aNn/image/49X4O2I-6CG0GdxwTEhc6Kp2NmU.png,https://brunch.co.kr/@hardw1996/36
라스트마일,배달 로봇이 온다!,왓츠뉴 019_ 7월 둘째 주 새로 나온 것들,http://t1.daumcdn.net/brunch/service/user/aNn/image/49X4O2I-6CG0GdxwTEhc6Kp2NmU.png,https://brunch.co.kr/@hardw1996/36
양치앱,양치 앱에 빠진 어른들,왓츠뉴 019_ 7월 둘째 주 새로 나온 것들,http://t1.daumcdn.net/brunch/service/user/aNn/image/49X4O2I-6CG0GdxwTEhc6Kp2NmU.png,https://brunch.co.kr/@hardw1996/36
포켓몬 스마일,양치 앱에 빠진 어른들,왓츠뉴 019_ 7월 둘째 주 새로 나온 것들,http://t1.daumcdn.net/brunch/service/user/aNn/image/49X4O2I-6CG0GdxwTEhc6Kp2NmU.png,https://brunch.co.kr/@hardw1996/36
키덜트,양치 앱에 빠진 어른들,왓츠뉴 019_ 7월 둘째 주 새로 나온 것들,http://t1.daumcdn.net/brunch/service/user/aNn/image/49X4O2I-6CG0GdxwTEhc6Kp2NmU.png,https://brunch.co.kr/@hardw1996/36
꼬뜨게랑,명품인 줄 알았지?,왓츠뉴 018_ 7월 첫째 주 새로 나온 것들,http://t1.daumcdn.net/brunch/service/user/aNn/image/5NJPtsAn3LjsjAwLuEABLwe1wIQ.png,https://brunch.co.kr/@hardw1996/34
꽃게랑,명품인 줄 알았지?,왓츠뉴 018_ 7월 첫째 주 새로 나온 것들,http://t1.daumcdn.net/brunch/service/user/aNn/image/5NJPtsAn3LjsjAwLuEABLwe1wIQ.png,https://brunch.co.kr/@hardw1996/34
지코,명품인 줄 알았지?,왓츠뉴 018_ 7월 첫째 주 새로 나온 것들,http://t1.daumcdn.net/brunch/service/user/aNn/image/5NJPtsAn3LjsjAwLuEABLwe1wIQ.png,https://brunch.co.kr/@hardw1996/34
펀슈머,명품인 줄 알았지?,왓츠뉴 018_ 7월 첫째 주 새로 나온 것들,http://t1.daumcdn.net/brunch/service/user/aNn/image/5NJPtsAn3LjsjAwLuEABLwe1wIQ.png,https://brunch.co.kr/@hardw1996/34
랜선여행,랜선으로 여행하는 방법,왓츠뉴 018_ 7월 첫째 주 새로 나온 것들,http://t1.daumcdn.net/brunch/service/user/aNn/image/5NJPtsAn3LjsjAwLuEABLwe1wIQ.png,https://brunch.co.kr/@hardw1996/34
CU 기내식 도시락,랜선으로 여행하는 방법,왓츠뉴 018_ 7월 첫째 주 새로 나온 것들,http://t1.daumcdn.net/brunch/service/user/aNn/image/5NJPtsAn3LjsjAwLuEABLwe1wIQ.png,https://brunch.co.kr/@hardw1996/34
에어비앤비 온라인체험,랜선으로 여행하는 방법,왓츠뉴 018_ 7월 첫째 주 새로 나온 것들,http://t1.daumcdn.net/brunch/service/user/aNn/image/5NJPtsAn3LjsjAwLuEABLwe1wIQ.png,https://brunch.co.kr/@hardw1996/34
언택트,랜선으로 여행하는 방법,왓츠뉴 018_ 7월 첫째 주 새로 나온 것들,http://t1.daumcdn.net/brunch/service/user/aNn/image/5NJPtsAn3LjsjAwLuEABLwe1wIQ.png,https://brunch.co.kr/@hardw1996/34
카트라이더,뉴트로 타고 전성기 맞은 넥슨,왓츠뉴 018_ 7월 첫째 주 새로 나온 것들,http://t1.daumcdn.net/brunch/service/user/aNn/image/5NJPtsAn3LjsjAwLuEABLwe1wIQ.png,https://brunch.co.kr/@hardw1996/34
바람의나라,뉴트로 타고 전성기 맞은 넥슨,왓츠뉴 018_ 7월 첫째 주 새로 나온 것들,http://t1.daumcdn.net/brunch/service/user/aNn/image/5NJPtsAn3LjsjAwLuEABLwe1wIQ.png,https://brunch.co.kr/@hardw1996/34
IP,뉴트로 타고 전성기 맞은 넥슨,왓츠뉴 018_ 7월 첫째 주 새로 나온 것들,http://t1.daumcdn.net/brunch/service/user/aNn/image/5NJPtsAn3LjsjAwLuEABLwe1wIQ.png,https://brunch.co.kr/@hardw1996/34
KFC 동숲매장,동물의 숲에서 만나는 KFC,왓츠뉴 017_ 6월 넷째 주 새로 나온 것들,http://t1.daumcdn.net/brunch/service/user/aNn/image/wi8ClqB4E50kd4tO2a6ipXRxyqo.png,https://brunch.co.kr/@hardw1996/33
동물의숲,동물의 숲에서 만나는 KFC,왓츠뉴 017_ 6월 넷째 주 새로 나온 것들,http://t1.daumcdn.net/brunch/service/user/aNn/image/wi8ClqB4E50kd4tO2a6ipXRxyqo.png,https://brunch.co.kr/@hardw1996/33
아이디어스 텀블벅 합병,"아이디어스와 텀블벅, 한가족 되다?",왓츠뉴 017_ 6월 넷째 주 새로 나온 것들,http://t1.daumcdn.net/brunch/service/user/aNn/image/wi8ClqB4E50kd4tO2a6ipXRxyqo.png,https://brunch.co.kr/@hardw1996/33
크라우드 펀딩,"아이디어스와 텀블벅, 한가족 되다?",왓츠뉴 017_ 6월 넷째 주 새로 나온 것들,http://t1.daumcdn.net/brunch/service/user/aNn/image/wi8ClqB4E50kd4tO2a6ipXRxyqo.png,https://brunch.co.kr/@hardw1996/33
온라인 퀴어 퍼레이드,우리는 없던 길도 만들지!,왓츠뉴 017_ 6월 넷째 주 새로 나온 것들,http://t1.daumcdn.net/brunch/service/user/aNn/image/wi8ClqB4E50kd4tO2a6ipXRxyqo.png,https://brunch.co.kr/@hardw1996/33
미닝아웃,우리는 없던 길도 만들지!,왓츠뉴 017_ 6월 넷째 주 새로 나온 것들,http://t1.daumcdn.net/brunch/service/user/aNn/image/wi8ClqB4E50kd4tO2a6ipXRxyqo.png,https://brunch.co.kr/@hardw1996/33
신묘한,[왓츠뉴콜라보] 슈펜 X 신묘한,왓츠뉴 017_ 6월 넷째 주 새로 나온 것들,http://t1.daumcdn.net/brunch/service/user/aNn/image/wi8ClqB4E50kd4tO2a6ipXRxyqo.png,https://brunch.co.kr/@hardw1996/33
신서유기,[왓츠뉴콜라보] 슈펜 X 신묘한,왓츠뉴 017_ 6월 넷째 주 새로 나온 것들,http://t1.daumcdn.net/brunch/service/user/aNn/image/wi8ClqB4E50kd4tO2a6ipXRxyqo.png,https://brunch.co.kr/@hardw1996/33
콜라보,[왓츠뉴콜라보] 슈펜 X 신묘한,왓츠뉴 017_ 6월 넷째 주 새로 나온 것들,http://t1.daumcdn.net/brunch/service/user/aNn/image/wi8ClqB4E50kd4tO2a6ipXRxyqo.png,https://brunch.co.kr/@hardw1996/33
파맛 첵스,첵스초코 나라에도 민주주의가?,왓츠뉴 016_ 6월 셋째 주 새로 나온 것들,http://t1.daumcdn.net/brunch/service/user/aNn/image/KuBoWOh9C9VcGIffyRdlZp-oLtY.png,https://brunch.co.kr/@hardw1996/32
펀슈머,첵스초코 나라에도 민주주의가?,왓츠뉴 016_ 6월 셋째 주 새로 나온 것들,http://t1.daumcdn.net/brunch/service/user/aNn/image/KuBoWOh9C9VcGIffyRdlZp-oLtY.png,https://brunch.co.kr/@hardw1996/32
스타벅스 신용카드,"스타벅스, 이번엔 신용카드 출시?",왓츠뉴 016_ 6월 셋째 주 새로 나온 것들,http://t1.daumcdn.net/brunch/service/user/aNn/image/KuBoWOh9C9VcGIffyRdlZp-oLtY.png,https://brunch.co.kr/@hardw1996/32
PLCC,"스타벅스, 이번엔 신용카드 출시?",왓츠뉴 016_ 6월 셋째 주 새로 나온 것들,http://t1.daumcdn.net/brunch/service/user/aNn/image/KuBoWOh9C9VcGIffyRdlZp-oLtY.png,https://brunch.co.kr/@hardw1996/32
핀테크,"스타벅스, 이번엔 신용카드 출시?",왓츠뉴 016_ 6월 셋째 주 새로 나온 것들,http://t1.daumcdn.net/brunch/service/user/aNn/image/KuBoWOh9C9VcGIffyRdlZp-oLtY.png,https://brunch.co.kr/@hardw1996/32
월간 과자,롯데제과의 '월간 과자',왓츠뉴 016_ 6월 셋째 주 새로 나온 것들,http://t1.daumcdn.net/brunch/service/user/aNn/image/KuBoWOh9C9VcGIffyRdlZp-oLtY.png,https://brunch.co.kr/@hardw1996/32
구독,롯데제과의 '월간 과자',왓츠뉴 016_ 6월 셋째 주 새로 나온 것들,http://t1.daumcdn.net/brunch/service/user/aNn/image/KuBoWOh9C9VcGIffyRdlZp-oLtY.png,https://brunch.co.kr/@hardw1996/32
육포 팬티,[왓츠뉴콜라보] 질러 X BYC,왓츠뉴 016_ 6월 셋째 주 새로 나온 것들,http://t1.daumcdn.net/brunch/service/user/aNn/image/KuBoWOh9C9VcGIffyRdlZp-oLtY.png,https://brunch.co.kr/@hardw1996/32
펀슈머,[왓츠뉴콜라보] 질러 X BYC,왓츠뉴 016_ 6월 셋째 주 새로 나온 것들,http://t1.daumcdn.net/brunch/service/user/aNn/image/KuBoWOh9C9VcGIffyRdlZp-oLtY.png,https://brunch.co.kr/@hardw1996/32
콜라보,[왓츠뉴콜라보] 질러 X BYC,왓츠뉴 016_ 6월 셋째 주 새로 나온 것들,http://t1.daumcdn.net/brunch/service/user/aNn/image/KuBoWOh9C9VcGIffyRdlZp-oLtY.png,https://brunch.co.kr/@hardw1996/32
써머 레디백,캠핑 용품 파는 요즘 카페,왓츠뉴 015_ 6월 둘째 주 새로 나온 것들,http://t1.daumcdn.net/brunch/service/user/aNn/image/2rNKXGDVn7fbVk-j3vaV9sbfyrY.png,https://brunch.co.kr/@hardw1996/31
할리스 폴딩카트,캠핑 용품 파는 요즘 카페,왓츠뉴 015_ 6월 둘째 주 새로 나온 것들,http://t1.daumcdn.net/brunch/service/user/aNn/image/2rNKXGDVn7fbVk-j3vaV9sbfyrY.png,https://brunch.co.kr/@hardw1996/31
스타벅스 굿즈,캠핑 용품 파는 요즘 카페,왓츠뉴 015_ 6월 둘째 주 새로 나온 것들,http://t1.daumcdn.net/brunch/service/user/aNn/image/2rNKXGDVn7fbVk-j3vaV9sbfyrY.png,https://brunch.co.kr/@hardw1996/31
전동킥보드,전동킥보드에 대한 5가지 새로운 사실,왓츠뉴 015_ 6월 둘째 주 새로 나온 것들,http://t1.daumcdn.net/brunch/service/user/aNn/image/2rNKXGDVn7fbVk-j3vaV9sbfyrY.png,https://brunch.co.kr/@hardw1996/31
꿀잼 패키지,진짜 꿀로 만든 “꿀잼” 패키지,왓츠뉴 015_ 6월 둘째 주 새로 나온 것들,http://t1.daumcdn.net/brunch/service/user/aNn/image/2rNKXGDVn7fbVk-j3vaV9sbfyrY.png,https://brunch.co.kr/@hardw1996/31
토이스토리 신발,[왓츠뉴콜라보] 베이트 X 리복 X 토이스토리,왓츠뉴 015_ 6월 둘째 주 새로 나온 것들,http://t1.daumcdn.net/brunch/service/user/aNn/image/2rNKXGDVn7fbVk-j3vaV9sbfyrY.png,https://brunch.co.kr/@hardw1996/31
콜라보,[왓츠뉴콜라보] 베이트 X 리복 X 토이스토리,왓츠뉴 015_ 6월 둘째 주 새로 나온 것들,http://t1.daumcdn.net/brunch/service/user/aNn/image/2rNKXGDVn7fbVk-j3vaV9sbfyrY.png,https://brunch.co.kr/@hardw1996/31
BLM,Black Lives Matter,왓츠뉴 014_ 6월 첫째 주 새로 나온 것들,http://t1.daumcdn.net/brunch/service/user/aNn/image/CP0uIwCrTV8n3faisGcrenM_8KU.png,https://brunch.co.kr/@hardw1996/30
미닝아웃,Black Lives Matter,왓츠뉴 014_ 6월 첫째 주 새로 나온 것들,http://t1.daumcdn.net/brunch/service/user/aNn/image/CP0uIwCrTV8n3faisGcrenM_8KU.png,https://brunch.co.kr/@hardw1996/30
깡,비-깡-밈,왓츠뉴 014_ 6월 첫째 주 새로 나온 것들,http://t1.daumcdn.net/brunch/service/user/aNn/image/CP0uIwCrTV8n3faisGcrenM_8KU.png,https://brunch.co.kr/@hardw1996/30
밈,비-깡-밈,왓츠뉴 014_ 6월 첫째 주 새로 나온 것들,http://t1.daumcdn.net/brunch/service/user/aNn/image/CP0uIwCrTV8n3faisGcrenM_8KU.png,https://brunch.co.kr/@hardw1996/30
온라인 탑골공원,비-깡-밈,왓츠뉴 014_ 6월 첫째 주 새로 나온 것들,http://t1.daumcdn.net/brunch/service/user/aNn/image/CP0uIwCrTV8n3faisGcrenM_8KU.png,https://brunch.co.kr/@hardw1996/30
코어 소비,뷰티 제품은 '코어 소비',왓츠뉴 014_ 6월 첫째 주 새로 나온 것들,http://t1.daumcdn.net/brunch/service/user/aNn/image/CP0uIwCrTV8n3faisGcrenM_8KU.png,https://brunch.co.kr/@hardw1996/30
곰표 맥주,[왓츠뉴콜라보] 곰표 X 7brau,왓츠뉴 014_ 6월 첫째 주 새로 나온 것들,http://t1.daumcdn.net/brunch/service/user/aNn/image/CP0uIwCrTV8n3faisGcrenM_8KU.png,https://brunch.co.kr/@hardw1996/30
편의점,[왓츠뉴콜라보] 곰표 X 7brau,왓츠뉴 014_ 6월 첫째 주 새로 나온 것들,http://t1.daumcdn.net/brunch/service/user/aNn/image/CP0uIwCrTV8n3faisGcrenM_8KU.png,https://brunch.co.kr/@hardw1996/30
콜라보,[왓츠뉴콜라보] 곰표 X 7brau,왓츠뉴 014_ 6월 첫째 주 새로 나온 것들,http://t1.daumcdn.net/brunch/service/user/aNn/image/CP0uIwCrTV8n3faisGcrenM_8KU.png,https://brunch.co.kr/@hardw1996/30
호프테이프,실종아동 찾는 박스 테이프,왓츠뉴 013_ 5월 넷째 주 새로 나온 것들,http://t1.daumcdn.net/brunch/service/user/aNn/image/ng8y7EsYjX7fnN3_FKBAU60870g.png,https://brunch.co.kr/@hardw1996/29
배민상회,사장님들 식자재도 배송하는 배민,왓츠뉴 013_ 5월 넷째 주 새로 나온 것들,http://t1.daumcdn.net/brunch/service/user/aNn/image/ng8y7EsYjX7fnN3_FKBAU60870g.png,https://brunch.co.kr/@hardw1996/29
꼰대인턴,TV 찢고 나온 라면,왓츠뉴 013_ 5월 넷째 주 새로 나온 것들,http://t1.daumcdn.net/brunch/service/user/aNn/image/ng8y7EsYjX7fnN3_FKBAU60870g.png,https://brunch.co.kr/@hardw1996/29
핫닭면,TV 찢고 나온 라면,왓츠뉴 013_ 5월 넷째 주 새로 나온 것들,http://t1.daumcdn.net/brunch/service/user/aNn/image/ng8y7EsYjX7fnN3_FKBAU60870g.png,https://brunch.co.kr/@hardw1996/29
GS25 카카오,[왓츠뉴콜라보] GS25 X 카카오IX,왓츠뉴 013_ 5월 넷째 주 새로 나온 것들,http://t1.daumcdn.net/brunch/service/user/aNn/image/ng8y7EsYjX7fnN3_FKBAU60870g.png,https://brunch.co.kr/@hardw1996/29
라이언 마카롱,[왓츠뉴콜라보] GS25 X 카카오IX,왓츠뉴 013_ 5월 넷째 주 새로 나온 것들,http://t1.daumcdn.net/brunch/service/user/aNn/image/ng8y7EsYjX7fnN3_FKBAU60870g.png,https://brunch.co.kr/@hardw1996/29
캐릭터,[왓츠뉴콜라보] GS25 X 카카오IX,왓츠뉴 013_ 5월 넷째 주 새로 나온 것들,http://t1.daumcdn.net/brunch/service/user/aNn/image/ng8y7EsYjX7fnN3_FKBAU60870g.png,https://brunch.co.kr/@hardw1996/29
콜라보,[왓츠뉴콜라보] GS25 X 카카오IX,왓츠뉴 013_ 5월 넷째 주 새로 나온 것들,http://t1.daumcdn.net/brunch/service/user/aNn/image/ng8y7EsYjX7fnN3_FKBAU60870g.png,https://brunch.co.kr/@hardw1996/29
새벽배송,빠름빠름빠름~,왓츠뉴 012_ 5월 셋째 주 새로 나온 것들,http://t1.daumcdn.net/brunch/service/user/aNn/image/odHxIx0dSwBPAMbR7RZrKgm4qqw.png,https://brunch.co.kr/@hardw1996/28
배송,빠름빠름빠름~,왓츠뉴 012_ 5월 셋째 주 새로 나온 것들,http://t1.daumcdn.net/brunch/service/user/aNn/image/odHxIx0dSwBPAMbR7RZrKgm4qqw.png,https://brunch.co.kr/@hardw1996/28
새벽달걀,빠름빠름빠름~,왓츠뉴 012_ 5월 셋째 주 새로 나온 것들,http://t1.daumcdn.net/brunch/service/user/aNn/image/odHxIx0dSwBPAMbR7RZrKgm4qqw.png,https://brunch.co.kr/@hardw1996/28
유통,빠름빠름빠름~,왓츠뉴 012_ 5월 셋째 주 새로 나온 것들,http://t1.daumcdn.net/brunch/service/user/aNn/image/odHxIx0dSwBPAMbR7RZrKgm4qqw.png,https://brunch.co.kr/@hardw1996/28
츄츄닷컴,동원참치랑 양반죽 말고?,왓츠뉴 012_ 5월 셋째 주 새로 나온 것들,http://t1.daumcdn.net/brunch/service/user/aNn/image/odHxIx0dSwBPAMbR7RZrKgm4qqw.png,https://brunch.co.kr/@hardw1996/28
반려동물,동원참치랑 양반죽 말고?,왓츠뉴 012_ 5월 셋째 주 새로 나온 것들,http://t1.daumcdn.net/brunch/service/user/aNn/image/odHxIx0dSwBPAMbR7RZrKgm4qqw.png,https://brunch.co.kr/@hardw1996/28
유통,동원참치랑 양반죽 말고?,왓츠뉴 012_ 5월 셋째 주 새로 나온 것들,http://t1.daumcdn.net/brunch/service/user/aNn/image/odHxIx0dSwBPAMbR7RZrKgm4qqw.png,https://brunch.co.kr/@hardw1996/28
사이버 불링,사이버 불링 막는 인스타그램,왓츠뉴 012_ 5월 셋째 주 새로 나온 것들,http://t1.daumcdn.net/brunch/service/user/aNn/image/odHxIx0dSwBPAMbR7RZrKgm4qqw.png,https://brunch.co.kr/@hardw1996/28
나이키 페이커,[왓츠뉴콜라보] 나이키 X 페이커,왓츠뉴 012_ 5월 셋째 주 새로 나온 것들,http://t1.daumcdn.net/brunch/service/user/aNn/image/odHxIx0dSwBPAMbR7RZrKgm4qqw.png,https://brunch.co.kr/@hardw1996/28
콜라보,[왓츠뉴콜라보] 나이키 X 페이커,왓츠뉴 012_ 5월 셋째 주 새로 나온 것들,http://t1.daumcdn.net/brunch/service/user/aNn/image/odHxIx0dSwBPAMbR7RZrKgm4qqw.png,https://brunch.co.kr/@hardw1996/28
네이버플러스,구독 서비스 강자는?,왓츠뉴 011_ 5월 둘째 주 새로 나온 것들,http://t1.daumcdn.net/brunch/service/user/aNn/image/yYyhhREPu89mcsmAeXthKPrsD6Q.png,https://brunch.co.kr/@hardw1996/27
아마존프라임,구독 서비스 강자는?,왓츠뉴 011_ 5월 둘째 주 새로 나온 것들,http://t1.daumcdn.net/brunch/service/user/aNn/image/yYyhhREPu89mcsmAeXthKPrsD6Q.png,https://brunch.co.kr/@hardw1996/27
구독,구독 서비스 강자는?,왓츠뉴 011_ 5월 둘째 주 새로 나온 것들,http://t1.daumcdn.net/brunch/service/user/aNn/image/yYyhhREPu89mcsmAeXthKPrsD6Q.png,https://brunch.co.kr/@hardw1996/27
다랑이,브랜드가 캐릭터 만드는 이유,왓츠뉴 011_ 5월 둘째 주 새로 나온 것들,http://t1.daumcdn.net/brunch/service/user/aNn/image/yYyhhREPu89mcsmAeXthKPrsD6Q.png,https://brunch.co.kr/@hardw1996/27
쌀알이,브랜드가 캐릭터 만드는 이유,왓츠뉴 011_ 5월 둘째 주 새로 나온 것들,http://t1.daumcdn.net/brunch/service/user/aNn/image/yYyhhREPu89mcsmAeXthKPrsD6Q.png,https://brunch.co.kr/@hardw1996/27
구도일,브랜드가 캐릭터 만드는 이유,왓츠뉴 011_ 5월 둘째 주 새로 나온 것들,http://t1.daumcdn.net/brunch/service/user/aNn/image/yYyhhREPu89mcsmAeXthKPrsD6Q.png,https://brunch.co.kr/@hardw1996/27
펭수,브랜드가 캐릭터 만드는 이유,왓츠뉴 011_ 5월 둘째 주 새로 나온 것들,http://t1.daumcdn.net/brunch/service/user/aNn/image/yYyhhREPu89mcsmAeXthKPrsD6Q.png,https://brunch.co.kr/@hardw1996/27
캐릭터,브랜드가 캐릭터 만드는 이유,왓츠뉴 011_ 5월 둘째 주 새로 나온 것들,http://t1.daumcdn.net/brunch/service/user/aNn/image/yYyhhREPu89mcsmAeXthKPrsD6Q.png,https://brunch.co.kr/@hardw1996/27
하인즈 퍼즐,하인즈의 케첩 범벅 퍼즐,왓츠뉴 011_ 5월 둘째 주 새로 나온 것들,http://t1.daumcdn.net/brunch/service/user/aNn/image/yYyhhREPu89mcsmAeXthKPrsD6Q.png,https://brunch.co.kr/@hardw1996/27
펀슈머,하인즈의 케첩 범벅 퍼즐,왓츠뉴 011_ 5월 둘째 주 새로 나온 것들,http://t1.daumcdn.net/brunch/service/user/aNn/image/yYyhhREPu89mcsmAeXthKPrsD6Q.png,https://brunch.co.kr/@hardw1996/27
필라 서브웨이,[왓츠뉴콜라보] FILA X 서브웨이,왓츠뉴 011_ 5월 둘째 주 새로 나온 것들,http://t1.daumcdn.net/brunch/service/user/aNn/image/yYyhhREPu89mcsmAeXthKPrsD6Q.png,https://brunch.co.kr/@hardw1996/27
펀슈머,[왓츠뉴콜라보] FILA X 서브웨이,왓츠뉴 011_ 5월 둘째 주 새로 나온 것들,http://t1.daumcdn.net/brunch/service/user/aNn/image/yYyhhREPu89mcsmAeXthKPrsD6Q.png,https://brunch.co.kr/@hardw1996/27
콜라보,[왓츠뉴콜라보] FILA X 서브웨이,왓츠뉴 011_ 5월 둘째 주 새로 나온 것들,http://t1.daumcdn.net/brunch/service/user/aNn/image/yYyhhREPu89mcsmAeXthKPrsD6Q.png,https://brunch.co.kr/@hardw1996/27
오픈커넥트,넷플릭스 vs 통신사,왓츠뉴 010_ 5월 첫째 주 새로 나온 것들,http://t1.daumcdn.net/brunch/service/user/aNn/image/4EKhXp7SdMpeiVjpiZYbMOok3KA.png,https://brunch.co.kr/@hardw1996/26
넷플릭스법,넷플릭스 vs 통신사,왓츠뉴 010_ 5월 첫째 주 새로 나온 것들,http://t1.daumcdn.net/brunch/service/user/aNn/image/4EKhXp7SdMpeiVjpiZYbMOok3KA.png,https://brunch.co.kr/@hardw1996/26
망 이용료,넷플릭스 vs 통신사,왓츠뉴 010_ 5월 첫째 주 새로 나온 것들,http://t1.daumcdn.net/brunch/service/user/aNn/image/4EKhXp7SdMpeiVjpiZYbMOok3KA.png,https://brunch.co.kr/@hardw1996/26
OTT,넷플릭스 vs 통신사,왓츠뉴 010_ 5월 첫째 주 새로 나온 것들,http://t1.daumcdn.net/brunch/service/user/aNn/image/4EKhXp7SdMpeiVjpiZYbMOok3KA.png,https://brunch.co.kr/@hardw1996/26
어린이날,뽀통령 다음은 누구?,왓츠뉴 010_ 5월 첫째 주 새로 나온 것들,http://t1.daumcdn.net/brunch/service/user/aNn/image/4EKhXp7SdMpeiVjpiZYbMOok3KA.png,https://brunch.co.kr/@hardw1996/26
아기상어,뽀통령 다음은 누구?,왓츠뉴 010_ 5월 첫째 주 새로 나온 것들,http://t1.daumcdn.net/brunch/service/user/aNn/image/4EKhXp7SdMpeiVjpiZYbMOok3KA.png,https://brunch.co.kr/@hardw1996/26
캐릭터,뽀통령 다음은 누구?,왓츠뉴 010_ 5월 첫째 주 새로 나온 것들,http://t1.daumcdn.net/brunch/service/user/aNn/image/4EKhXp7SdMpeiVjpiZYbMOok3KA.png,https://brunch.co.kr/@hardw1996/26
이케아 도심형매장,도심 속으로 들어온 이케아,왓츠뉴 010_ 5월 첫째 주 새로 나온 것들,http://t1.daumcdn.net/brunch/service/user/aNn/image/4EKhXp7SdMpeiVjpiZYbMOok3KA.png,https://brunch.co.kr/@hardw1996/26
폴햄 맛동산,[왓츠뉴콜라보] 폴햄 X 맛동산 X 무신사,왓츠뉴 010_ 5월 첫째 주 새로 나온 것들,http://t1.daumcdn.net/brunch/service/user/aNn/image/4EKhXp7SdMpeiVjpiZYbMOok3KA.png,https://brunch.co.kr/@hardw1996/26
펀슈머,[왓츠뉴콜라보] 폴햄 X 맛동산 X 무신사,왓츠뉴 010_ 5월 첫째 주 새로 나온 것들,http://t1.daumcdn.net/brunch/service/user/aNn/image/4EKhXp7SdMpeiVjpiZYbMOok3KA.png,https://brunch.co.kr/@hardw1996/26
콜라보,[왓츠뉴콜라보] 폴햄 X 맛동산 X 무신사,왓츠뉴 010_ 5월 첫째 주 새로 나온 것들,http://t1.daumcdn.net/brunch/service/user/aNn/image/4EKhXp7SdMpeiVjpiZYbMOok3KA.png,https://brunch.co.kr/@hardw1996/26
네이버 쇼핑,"쇼핑도, 결제도, 다 네이버에서?",왓츠뉴 009_ 4월 넷째 주 새로 나온 것들,http://t1.daumcdn.net/brunch/service/user/aNn/image/H8eH3CKqRXMf2EOzAJIx12vJNHY.png,https://brunch.co.kr/@hardw1996/25
코알라 담요,코알라와 지구를 지켜줘,왓츠뉴 009_ 4월 넷째 주 새로 나온 것들,http://t1.daumcdn.net/brunch/service/user/aNn/image/H8eH3CKqRXMf2EOzAJIx12vJNHY.png,https://brunch.co.kr/@hardw1996/25
아이시스 무라벨 생수,코알라와 지구를 지켜줘,왓츠뉴 009_ 4월 넷째 주 새로 나온 것들,http://t1.daumcdn.net/brunch/service/user/aNn/image/H8eH3CKqRXMf2EOzAJIx12vJNHY.png,https://brunch.co.kr/@hardw1996/25
삼성전자 업사이클링 패키지,코알라와 지구를 지켜줘,왓츠뉴 009_ 4월 넷째 주 새로 나온 것들,http://t1.daumcdn.net/brunch/service/user/aNn/image/H8eH3CKqRXMf2EOzAJIx12vJNHY.png,https://brunch.co.kr/@hardw1996/25
분바스틱 캠페인,코알라와 지구를 지켜줘,왓츠뉴 009_ 4월 넷째 주 새로 나온 것들,http://t1.daumcdn.net/brunch/service/user/aNn/image/H8eH3CKqRXMf2EOzAJIx12vJNHY.png,https://brunch.co.kr/@hardw1996/25
친환경,코알라와 지구를 지켜줘,왓츠뉴 009_ 4월 넷째 주 새로 나온 것들,http://t1.daumcdn.net/brunch/service/user/aNn/image/H8eH3CKqRXMf2EOzAJIx12vJNHY.png,https://brunch.co.kr/@hardw1996/25
이케아 미트볼,이케아의 마스코트는 미트볼?,왓츠뉴 009_ 4월 넷째 주 새로 나온 것들,http://t1.daumcdn.net/brunch/service/user/aNn/image/H8eH3CKqRXMf2EOzAJIx12vJNHY.png,https://brunch.co.kr/@hardw1996/25
어글리러블리,못생겼지만 러블리해,왓츠뉴 009_ 4월 넷째 주 새로 나온 것들,http://t1.daumcdn.net/brunch/service/user/aNn/image/H8eH3CKqRXMf2EOzAJIx12vJNHY.png,https://brunch.co.kr/@hardw1996/25
처음처럼 염따,[왓츠뉴콜라보] 처음처럼 X 염따,왓츠뉴 009_ 4월 넷째 주 새로 나온 것들,http://t1.daumcdn.net/brunch/service/user/aNn/image/H8eH3CKqRXMf2EOzAJIx12vJNHY.png,https://brunch.co.kr/@hardw1996/25
콜라보,[왓츠뉴콜라보] 처음처럼 X 염따,왓츠뉴 009_ 4월 넷째 주 새로 나온 것들,http://t1.daumcdn.net/brunch/service/user/aNn/image/H8eH3CKqRXMf2EOzAJIx12vJNHY.png,https://brunch.co.kr/@hardw1996/25
현대카드 슈퍼마켓 콘서트,슈퍼콘서트 대신 '슈퍼마켓' 콘서트,왓츠뉴 008_ 4월 셋째 주 새로 나온 것들,http://t1.daumcdn.net/brunch/service/user/aNn/image/eoE35CmBVgBF4QdU5ixztqmTfMc.png,https://brunch.co.kr/@hardw1996/24
디지털러버 카드,슈퍼콘서트 대신 '슈퍼마켓' 콘서트,왓츠뉴 008_ 4월 셋째 주 새로 나온 것들,http://t1.daumcdn.net/brunch/service/user/aNn/image/eoE35CmBVgBF4QdU5ixztqmTfMc.png,https://brunch.co.kr/@hardw1996/24
아이폰 SE2,아이폰SE가 돌아왔다?,왓츠뉴 008_ 4월 셋째 주 새로 나온 것들,http://t1.daumcdn.net/brunch/service/user/aNn/image/eoE35CmBVgBF4QdU5ixztqmTfMc.png,https://brunch.co.kr/@hardw1996/24
DIY 쉑버거 키트,집에서 만드는 쉐이크쉑 버거,왓츠뉴 008_ 4월 셋째 주 새로 나온 것들,http://t1.daumcdn.net/brunch/service/user/aNn/image/eoE35CmBVgBF4QdU5ixztqmTfMc.png,https://brunch.co.kr/@hardw1996/24
우리카드 하림펫푸드,[왓츠뉴콜라보] 우리카드 X 하림펫푸드,왓츠뉴 008_ 4월 셋째 주 새로 나온 것들,http://t1.daumcdn.net/brunch/service/user/aNn/image/eoE35CmBVgBF4QdU5ixztqmTfMc.png,https://brunch.co.kr/@hardw1996/24
콜라보,[왓츠뉴콜라보] 우리카드 X 하림펫푸드,왓츠뉴 008_ 4월 셋째 주 새로 나온 것들,http://t1.daumcdn.net/brunch/service/user/aNn/image/eoE35CmBVgBF4QdU5ixztqmTfMc.png,https://brunch.co.kr/@hardw1996/24
반려동물,[왓츠뉴콜라보] 우리카드 X 하림펫푸드,왓츠뉴 008_ 4월 셋째 주 새로 나온 것들,http://t1.daumcdn.net/brunch/service/user/aNn/image/eoE35CmBVgBF4QdU5ixztqmTfMc.png,https://brunch.co.kr/@hardw1996/24
배달의명수,"배달 앱 전성, 혹은 수난 시대",왓츠뉴 007_ 4월 둘째 주 새로 나온 것들,http://t1.daumcdn.net/brunch/service/user/aNn/image/rdRb4x4cmMfyBq3BoEU7adw-Rw0.png,https://brunch.co.kr/@hardw1996/23
파리바게트 해피오더,"배달 앱 전성, 혹은 수난 시대",왓츠뉴 007_ 4월 둘째 주 새로 나온 것들,http://t1.daumcdn.net/brunch/service/user/aNn/image/rdRb4x4cmMfyBq3BoEU7adw-Rw0.png,https://brunch.co.kr/@hardw1996/23
유통,"배달 앱 전성, 혹은 수난 시대",왓츠뉴 007_ 4월 둘째 주 새로 나온 것들,http://t1.daumcdn.net/brunch/service/user/aNn/image/rdRb4x4cmMfyBq3BoEU7adw-Rw0.png,https://brunch.co.kr/@hardw1996/23
마켓컬리 튤립,갓 수확한 신선한 꽃 팝니다!,왓츠뉴 007_ 4월 둘째 주 새로 나온 것들,http://t1.daumcdn.net/brunch/service/user/aNn/image/rdRb4x4cmMfyBq3BoEU7adw-Rw0.png,https://brunch.co.kr/@hardw1996/23
캔디바맛 우유,캔디바맛 우유 등장! - 브랜드가 된 뚱바,왓츠뉴 007_ 4월 둘째 주 새로 나온 것들,http://t1.daumcdn.net/brunch/service/user/aNn/image/rdRb4x4cmMfyBq3BoEU7adw-Rw0.png,https://brunch.co.kr/@hardw1996/23
슈프림 람보르기니,[왓츠뉴콜라보] 슈프림 X 람보르기니,왓츠뉴 007_ 4월 둘째 주 새로 나온 것들,http://t1.daumcdn.net/brunch/service/user/aNn/image/rdRb4x4cmMfyBq3BoEU7adw-Rw0.png,https://brunch.co.kr/@hardw1996/23
콜라보,[왓츠뉴콜라보] 슈프림 X 람보르기니,왓츠뉴 007_ 4월 둘째 주 새로 나온 것들,http://t1.daumcdn.net/brunch/service/user/aNn/image/rdRb4x4cmMfyBq3BoEU7adw-Rw0.png,https://brunch.co.kr/@hardw1996/23
AR,AR이 다시 뜬다?,왓츠뉴 006_ 3월 다섯째 주 새로 나온 것들,http://t1.daumcdn.net/brunch/service/user/aNn/image/8pt8ltDaD_83WhOo4Ci0_rvbDlU.png,https://brunch.co.kr/@hardw1996/22
간편결제,간편결제의 무한 변신,왓츠뉴 006_ 3월 다섯째 주 새로 나온 것들,http://t1.daumcdn.net/brunch/service/user/aNn/image/8pt8ltDaD_83WhOo4Ci0_rvbDlU.png,https://brunch.co.kr/@hardw1996/22
만우절 마케팅,만우절 마케팅 리뷰,왓츠뉴 006_ 3월 다섯째 주 새로 나온 것들,http://t1.daumcdn.net/brunch/service/user/aNn/image/8pt8ltDaD_83WhOo4Ci0_rvbDlU.png,https://brunch.co.kr/@hardw1996/22
죠크박바,[왓츠뉴콜라보] 죠스바 X 스크류바 X 수박바,왓츠뉴 006_ 3월 다섯째 주 새로 나온 것들,http://t1.daumcdn.net/brunch/service/user/aNn/image/8pt8ltDaD_83WhOo4Ci0_rvbDlU.png,https://brunch.co.kr/@hardw1996/22
콜라보,[왓츠뉴콜라보] 죠스바 X 스크류바 X 수박바,왓츠뉴 006_ 3월 다섯째 주 새로 나온 것들,http://t1.daumcdn.net/brunch/service/user/aNn/image/8pt8ltDaD_83WhOo4Ci0_rvbDlU.png,https://brunch.co.kr/@hardw1996/22
포켓팅,니 감자 묵어봤나? _티켓팅보다 어려운 포켓팅,왓츠뉴 005_ 3월 넷째 주 새로 나온 것들,http://t1.daumcdn.net/brunch/service/user/aNn/image/slf_nanaR61pHTEIVvxh0cbxC_A.png,https://brunch.co.kr/@hardw1996/21
줌,Z로 시작하는 가장 핫한 단어는?,왓츠뉴 005_ 3월 넷째 주 새로 나온 것들,http://t1.daumcdn.net/brunch/service/user/aNn/image/slf_nanaR61pHTEIVvxh0cbxC_A.png,https://brunch.co.kr/@hardw1996/21
K의 서재,홈쇼핑 + 책 + 토크쇼 = ?,왓츠뉴 005_ 3월 넷째 주 새로 나온 것들,http://t1.daumcdn.net/brunch/service/user/aNn/image/slf_nanaR61pHTEIVvxh0cbxC_A.png,https://brunch.co.kr/@hardw1996/21
칠성사이다 뉴트로,이제까지 이런 뉴트로는 없었다!,왓츠뉴 005_ 3월 넷째 주 새로 나온 것들,http://t1.daumcdn.net/brunch/service/user/aNn/image/slf_nanaR61pHTEIVvxh0cbxC_A.png,https://brunch.co.kr/@hardw1996/21
핑구 베이프,[왓츠뉴콜라보] 베이프 X 핑구,왓츠뉴 005_ 3월 넷째 주 새로 나온 것들,http://t1.daumcdn.net/brunch/service/user/aNn/image/slf_nanaR61pHTEIVvxh0cbxC_A.png,https://brunch.co.kr/@hardw1996/21
캐릭터,[왓츠뉴콜라보] 베이프 X 핑구,왓츠뉴 005_ 3월 넷째 주 새로 나온 것들,http://t1.daumcdn.net/brunch/service/user/aNn/image/slf_nanaR61pHTEIVvxh0cbxC_A.png,https://brunch.co.kr/@hardw1996/21
콜라보,[왓츠뉴콜라보] 베이프 X 핑구,왓츠뉴 005_ 3월 넷째 주 새로 나온 것들,http://t1.daumcdn.net/brunch/service/user/aNn/image/slf_nanaR61pHTEIVvxh0cbxC_A.png,https://brunch.co.kr/@hardw1996/21
음원 플랫폼,음원 사재기 정면 돌파!,왓츠뉴 004_ 3월 셋째 주 새로 나온 것들,http://t1.daumcdn.net/brunch/service/user/aNn/image/LEIpMHAWyd-92epE_zbiZIGQ270.png,https://brunch.co.kr/@hardw1996/20
내돈내듣,음원 사재기 정면 돌파!,왓츠뉴 004_ 3월 셋째 주 새로 나온 것들,http://t1.daumcdn.net/brunch/service/user/aNn/image/LEIpMHAWyd-92epE_zbiZIGQ270.png,https://brunch.co.kr/@hardw1996/20
페스트,<페스트>가 갑자기 잘 팔린다고?,왓츠뉴 004_ 3월 셋째 주 새로 나온 것들,http://t1.daumcdn.net/brunch/service/user/aNn/image/LEIpMHAWyd-92epE_zbiZIGQ270.png,https://brunch.co.kr/@hardw1996/20
에어비앤비 공모전,에어비앤비에서 독특한 집을 찾습니다!,왓츠뉴 004_ 3월 셋째 주 새로 나온 것들,http://t1.daumcdn.net/brunch/service/user/aNn/image/LEIpMHAWyd-92epE_zbiZIGQ270.png,https://brunch.co.kr/@hardw1996/20
브랜드 경험,[왓츠뉴콜라보] 비마이비(더워터멜론) X 삼립호빵/지평막걸리,왓츠뉴 004_ 3월 셋째 주 새로 나온 것들,http://t1.daumcdn.net/brunch/service/user/aNn/image/LEIpMHAWyd-92epE_zbiZIGQ270.png,https://brunch.co.kr/@hardw1996/20
비마이비 브랜드 박스,[왓츠뉴콜라보] 비마이비(더워터멜론) X 삼립호빵/지평막걸리,왓츠뉴 004_ 3월 셋째 주 새로 나온 것들,http://t1.daumcdn.net/brunch/service/user/aNn/image/LEIpMHAWyd-92epE_zbiZIGQ270.png,https://brunch.co.kr/@hardw1996/20
콜라보,[왓츠뉴콜라보] 비마이비(더워터멜론) X 삼립호빵/지평막걸리,왓츠뉴 004_ 3월 셋째 주 새로 나온 것들,http://t1.daumcdn.net/brunch/service/user/aNn/image/LEIpMHAWyd-92epE_zbiZIGQ270.png,https://brunch.co.kr/@hardw1996/20
펀슈머,[왓츠뉴콜라보] CU X 말표산업,왓츠뉴 003_ 3월 둘째 주 새로 나온 것들,http://t1.daumcdn.net/brunch/service/user/aNn/image/nZGkBE0LvU6krjBf1FlCkIRUVIc.png,https://brunch.co.kr/@hardw1996/19
편의점,[왓츠뉴콜라보] CU X 말표산업,왓츠뉴 003_ 3월 둘째 주 새로 나온 것들,http://t1.daumcdn.net/brunch/service/user/aNn/image/nZGkBE0LvU6krjBf1FlCkIRUVIc.png,https://brunch.co.kr/@hardw1996/19
콜라보,[왓츠뉴콜라보] CU X 말표산업,왓츠뉴 003_ 3월 둘째 주 새로 나온 것들,http://t1.daumcdn.net/brunch/service/user/aNn/image/nZGkBE0LvU6krjBf1FlCkIRUVIc.png,https://brunch.co.kr/@hardw1996/19
핀란드 디자인 온라인 전시,박물관이 코로나를 이겨내는 방법,왓츠뉴 003_ 3월 둘째 주 새로 나온 것들,http://t1.daumcdn.net/brunch/service/user/aNn/image/nZGkBE0LvU6krjBf1FlCkIRUVIc.png,https://brunch.co.kr/@hardw1996/19
토스 신용카드,토스가 이제 신용카드도 낸다!,왓츠뉴 003_ 3월 둘째 주 새로 나온 것들,http://t1.daumcdn.net/brunch/service/user/aNn/image/nZGkBE0LvU6krjBf1FlCkIRUVIc.png,https://brunch.co.kr/@hardw1996/19
핀테크,토스가 이제 신용카드도 낸다!,왓츠뉴 003_ 3월 둘째 주 새로 나온 것들,http://t1.daumcdn.net/brunch/service/user/aNn/image/nZGkBE0LvU6krjBf1FlCkIRUVIc.png,https://brunch.co.kr/@hardw1996/19
PLCC,토스가 이제 신용카드도 낸다!,왓츠뉴 003_ 3월 둘째 주 새로 나온 것들,http://t1.daumcdn.net/brunch/service/user/aNn/image/nZGkBE0LvU6krjBf1FlCkIRUVIc.png,https://brunch.co.kr/@hardw1996/19
스무디킹 숍인숍,스무디킹이 어딜 갔나 했더니...!,왓츠뉴 003_ 3월 둘째 주 새로 나온 것들,http://t1.daumcdn.net/brunch/service/user/aNn/image/nZGkBE0LvU6krjBf1FlCkIRUVIc.png,https://brunch.co.kr/@hardw1996/19
숍인숍,스무디킹이 어딜 갔나 했더니...!,왓츠뉴 003_ 3월 둘째 주 새로 나온 것들,http://t1.daumcdn.net/brunch/service/user/aNn/image/nZGkBE0LvU6krjBf1FlCkIRUVIc.png,https://brunch.co.kr/@hardw1996/19
죽고 싶지만 떡볶이는 먹고 싶어,죽고 싶지만 떡볶이는 먹고 싶어!,왓츠뉴 002_ 3월 첫째 주 새로 나온 것들,http://t1.daumcdn.net/brunch/service/user/aNn/image/NiIfBCkRqpGJ4zBbtIsRvM41ABw.png,https://brunch.co.kr/@hardw1996/18
편의점,죽고 싶지만 떡볶이는 먹고 싶어!,왓츠뉴 002_ 3월 첫째 주 새로 나온 것들,http://t1.daumcdn.net/brunch/service/user/aNn/image/NiIfBCkRqpGJ4zBbtIsRvM41ABw.png,https://brunch.co.kr/@hardw1996/18
제삼기획,제일기획이 쇼핑몰을 론칭한 이유?,왓츠뉴 002_ 3월 첫째 주 새로 나온 것들,http://t1.daumcdn.net/brunch/service/user/aNn/image/NiIfBCkRqpGJ4zBbtIsRvM41ABw.png,https://brunch.co.kr/@hardw1996/18
스파오프렌즈,캐릭터에 빠진 스파(SPA) 브랜드,왓츠뉴 002_ 3월 첫째 주 새로 나온 것들,http://t1.daumcdn.net/brunch/service/user/aNn/image/NiIfBCkRqpGJ4zBbtIsRvM41ABw.png,https://brunch.co.kr/@hardw1996/18
카드사 캐릭터,캐릭터에 빠진 스파(SPA) 브랜드,왓츠뉴 002_ 3월 첫째 주 새로 나온 것들,http://t1.daumcdn.net/brunch/service/user/aNn/image/NiIfBCkRqpGJ4zBbtIsRvM41ABw.png,https://brunch.co.kr/@hardw1996/18
캐릭터,캐릭터에 빠진 스파(SPA) 브랜드,왓츠뉴 002_ 3월 첫째 주 새로 나온 것들,http://t1.daumcdn.net/brunch/service/user/aNn/image/NiIfBCkRqpGJ4zBbtIsRvM41ABw.png,https://brunch.co.kr/@hardw1996/18
너구리 인형 클래스,농심 너구리 인형을 코바늘로 뜨는 클래스,왓츠뉴 001_ 2월 마지막 주 새로 나온 것들        ,http://t1.daumcdn.net/brunch/service/user/aNn/image/PGuV0ZzlaD7vIaPdyIVGlgAWnd0.png,https://brunch.co.kr/@hardw1996/17
나영석,나영석 PD의 다음 주제는 패션?,왓츠뉴 001_ 2월 마지막 주 새로 나온 것들,http://t1.daumcdn.net/brunch/service/user/aNn/image/PGuV0ZzlaD7vIaPdyIVGlgAWnd0.png,https://brunch.co.kr/@hardw1996/17
마포멋쟁이,나영석 PD의 다음 주제는 패션?,왓츠뉴 001_ 2월 마지막 주 새로 나온 것들,http://t1.daumcdn.net/brunch/service/user/aNn/image/PGuV0ZzlaD7vIaPdyIVGlgAWnd0.png,https://brunch.co.kr/@hardw1996/17
베이비 요다,움직이는 귀여운 베이비 요다,왓츠뉴 001_ 2월 마지막 주 새로 나온 것들,http://t1.daumcdn.net/brunch/service/user/aNn/image/PGuV0ZzlaD7vIaPdyIVGlgAWnd0.png,https://brunch.co.kr/@hardw1996/17
디즈니플러스,움직이는 귀여운 베이비 요다,왓츠뉴 001_ 2월 마지막 주 새로 나온 것들,http://t1.daumcdn.net/brunch/service/user/aNn/image/PGuV0ZzlaD7vIaPdyIVGlgAWnd0.png,https://brunch.co.kr/@hardw1996/17
스타워즈,움직이는 귀여운 베이비 요다,왓츠뉴 001_ 2월 마지막 주 새로 나온 것들,http://t1.daumcdn.net/brunch/service/user/aNn/image/PGuV0ZzlaD7vIaPdyIVGlgAWnd0.png,https://brunch.co.kr/@hardw1996/17
OTT,움직이는 귀여운 베이비 요다,왓츠뉴 001_ 2월 마지막 주 새로 나온 것들,http://t1.daumcdn.net/brunch/service/user/aNn/image/PGuV0ZzlaD7vIaPdyIVGlgAWnd0.png,https://brunch.co.kr/@hardw1996/17
햄버거 향초,향초에서 맥도날드 햄버거 향이 난다구?,왓츠뉴 001_ 2월 마지막 주 새로 나온 것들,http://t1.daumcdn.net/brunch/service/user/aNn/image/PGuV0ZzlaD7vIaPdyIVGlgAWnd0.png,https://brunch.co.kr/@hardw1996/17
펀슈머,향초에서 맥도날드 햄버거 향이 난다구?,왓츠뉴 001_ 2월 마지막 주 새로 나온 것들,http://t1.daumcdn.net/brunch/service/user/aNn/image/PGuV0ZzlaD7vIaPdyIVGlgAWnd0.png,https://brunch.co.kr/@hardw1996/17
RTA 너구리,농심 너구리 인형을 코바늘로 뜨는 클래스,왓츠뉴 001_ 2월 마지막 주 새로 나온 것들,http://t1.daumcdn.net/brunch/service/user/aNn/image/PGuV0ZzlaD7vIaPdyIVGlgAWnd0.png,https://brunch.co.kr/@hardw1996/17
반려동물 생존 배낭,반려동물도 재난 시에는 생존배낭이 필요해!,왓츠뉴 001_ 2월 마지막 주 새로 나온 것들,http://t1.daumcdn.net/brunch/service/user/aNn/image/PGuV0ZzlaD7vIaPdyIVGlgAWnd0.png,https://brunch.co.kr/@hardw1996/17
반려동물,반려동물도 재난 시에는 생존배낭이 필요해!,왓츠뉴 001_ 2월 마지막 주 새로 나온 것들,http://t1.daumcdn.net/brunch/service/user/aNn/image/PGuV0ZzlaD7vIaPdyIVGlgAWnd0.png,https://brunch.co.kr/@hardw1996/17